Date,Start (ET),Visitor/Neutral,PTS,Home/Neutral,PTS,,,Notes
Sun Dec 25 2011,1:30 pm,Miami Heat,105,Dallas Mavericks,94,Box Score,,
Sun Dec 25 2011,7:30 pm,Los Angeles Clippers,105,Golden State Warriors,86,Box Score,,
Sun Dec 25 2011,2:00 pm,Chicago Bulls,88,Los Angeles Lakers,87,Box Score,,
Sun Dec 25 2011,12:00 pm,Boston Celtics,104,New York Knicks,106,Box Score,,
Sun Dec 25 2011,7:00 pm,Orlando Magic,89,Oklahoma City Thunder,97,Box Score,,
Mon Dec 26 2011,7:00 pm,Milwaukee Bucks,95,Charlotte Bobcats,96,Box Score,,
Mon Dec 26 2011,7:00 pm,Toronto Raptors,104,Cleveland Cavaliers,96,Box Score,,
Mon Dec 26 2011,7:30 pm,Denver Nuggets,115,Dallas Mavericks,93,Box Score,,
Mon Dec 26 2011,7:30 pm,Chicago Bulls,91,Golden State Warriors,99,Box Score,,
Mon Dec 26 2011,7:00 pm,Detroit Pistons,79,Indiana Pacers,91,Box Score,,
Mon Dec 26 2011,7:00 pm,Oklahoma City Thunder,104,Minnesota Timberwolves,100,Box Score,,
Mon Dec 26 2011,7:00 pm,Houston Rockets,95,Orlando Magic,104,Box Score,,
Mon Dec 26 2011,7:00 pm,New Orleans Hornets,85,Phoenix Suns,84,Box Score,,
Mon Dec 26 2011,7:00 pm,Philadelphia 76ers,103,Portland Trail Blazers,107,Box Score,,
Mon Dec 26 2011,7:00 pm,Los Angeles Lakers,91,Sacramento Kings,100,Box Score,,
Mon Dec 26 2011,7:30 pm,Memphis Grizzlies,82,San Antonio Spurs,95,Box Score,,
Mon Dec 26 2011,7:00 pm,New Jersey Nets,90,Washington Wizards,84,Box Score,,
Tue Dec 27 2011,7:30 pm,Utah Jazz,71,Los Angeles Lakers,96,Box Score,,
Tue Dec 27 2011,8:00 pm,Boston Celtics,107,Miami Heat,115,Box Score,,
Tue Dec 27 2011,7:30 pm,Minnesota Timberwolves,95,Milwaukee Bucks,98,Box Score,,
Tue Dec 27 2011,7:30 pm,Atlanta Hawks,106,New Jersey Nets,70,Box Score,,
Tue Dec 27 2011,7:00 pm,Sacramento Kings,79,Portland Trail Blazers,101,Box Score,,
Wed Dec 28 2011,7:30 pm,Washington Wizards,83,Atlanta Hawks,101,Box Score,,
Wed Dec 28 2011,7:00 pm,Miami Heat,96,Charlotte Bobcats,95,Box Score,,
Wed Dec 28 2011,7:00 pm,Utah Jazz,100,Denver Nuggets,117,Box Score,,
Wed Dec 28 2011,7:30 pm,Cleveland Cavaliers,105,Detroit Pistons,89,Box Score,,
Wed Dec 28 2011,7:30 pm,New York Knicks,78,Golden State Warriors,92,Box Score,,
Wed Dec 28 2011,7:00 pm,Oklahoma City Thunder,98,Memphis Grizzlies,95,Box Score,,
Wed Dec 28 2011,7:00 pm,Boston Celtics,78,New Orleans Hornets,97,Box Score,,
Wed Dec 28 2011,7:00 pm,Philadelphia 76ers,103,Phoenix Suns,83,Box Score,,
Wed Dec 28 2011,7:30 pm,Los Angeles Clippers,90,San Antonio Spurs,115,Box Score,,
Wed Dec 28 2011,6:00 pm,Indiana Pacers,90,Toronto Raptors,85,Box Score,,
Thu Dec 29 2011,7:00 pm,San Antonio Spurs,85,Houston Rockets,105,Box Score,,
Thu Dec 29 2011,7:30 pm,New York Knicks,82,Los Angeles Lakers,99,Box Score,,
Thu Dec 29 2011,7:00 pm,Dallas Mavericks,102,Oklahoma City Thunder,104,Box Score,,
Thu Dec 29 2011,7:00 pm,New Jersey Nets,78,Orlando Magic,94,Box Score,,
Thu Dec 29 2011,7:00 pm,Denver Nuggets,102,Portland Trail Blazers,111,Box Score,,
Thu Dec 29 2011,7:00 pm,Chicago Bulls,108,Sacramento Kings,98,Box Score,,
Fri Dec 30 2011,7:30 pm,New Jersey Nets,98,Atlanta Hawks,105,Box Score,,
Fri Dec 30 2011,7:30 pm,Detroit Pistons,85,Boston Celtics,96,Box Score,,
Fri Dec 30 2011,7:00 pm,Orlando Magic,100,Charlotte Bobcats,79,Box Score,,
Fri Dec 30 2011,7:30 pm,Toronto Raptors,86,Dallas Mavericks,99,Box Score,,
Fri Dec 30 2011,7:00 pm,Cleveland Cavaliers,91,Indiana Pacers,98,Box Score,OT,
Fri Dec 30 2011,7:30 pm,Chicago Bulls,114,Los Angeles Clippers,101,Box Score,,
Fri Dec 30 2011,7:00 pm,Houston Rockets,93,Memphis Grizzlies,113,Box Score,,
Fri Dec 30 2011,7:30 pm,Washington Wizards,81,Milwaukee Bucks,102,Box Score,,
Fri Dec 30 2011,7:00 pm,Miami Heat,103,Minnesota Timberwolves,101,Box Score,,
Fri Dec 30 2011,7:00 pm,Phoenix Suns,93,New Orleans Hornets,78,Box Score,,
Fri Dec 30 2011,7:00 pm,Philadelphia 76ers,99,Utah Jazz,102,Box Score,,
Sat Dec 31 2011,6:00 pm,Indiana Pacers,88,Detroit Pistons,96,Box Score,,
Sat Dec 31 2011,6:00 pm,Philadelphia 76ers,107,Golden State Warriors,79,Box Score,,
Sat Dec 31 2011,6:00 pm,Atlanta Hawks,84,Houston Rockets,95,Box Score,,
Sat Dec 31 2011,12:30 pm,Denver Nuggets,89,Los Angeles Lakers,92,Box Score,,
Sat Dec 31 2011,7:00 pm,Phoenix Suns,97,Oklahoma City Thunder,107,Box Score,,
Sat Dec 31 2011,5:00 pm,New York Knicks,114,Sacramento Kings,92,Box Score,,
Sat Dec 31 2011,7:30 pm,Utah Jazz,89,San Antonio Spurs,104,Box Score,,
Sun Jan 1 2012,7:00 pm,Memphis Grizzlies,64,Chicago Bulls,104,Box Score,,
Sun Jan 1 2012,6:00 pm,New Jersey Nets,82,Cleveland Cavaliers,98,Box Score,,
Sun Jan 1 2012,6:00 pm,Los Angeles Lakers,90,Denver Nuggets,99,Box Score,,
Sun Jan 1 2012,6:30 pm,Portland Trail Blazers,88,Los Angeles Clippers,93,Box Score,,
Sun Jan 1 2012,6:00 pm,Charlotte Bobcats,90,Miami Heat,129,Box Score,,
Sun Jan 1 2012,6:00 pm,Dallas Mavericks,82,Minnesota Timberwolves,99,Box Score,,
Sun Jan 1 2012,6:00 pm,Toronto Raptors,96,Orlando Magic,102,Box Score,,
Sun Jan 1 2012,6:00 pm,New Orleans Hornets,80,Sacramento Kings,96,Box Score,,
Sun Jan 1 2012,6:00 pm,Boston Celtics,94,Washington Wizards,86,Box Score,,
Mon Jan 2 2012,7:30 pm,Washington Wizards,92,Boston Celtics,100,Box Score,,
Mon Jan 2 2012,7:30 pm,Oklahoma City Thunder,87,Dallas Mavericks,100,Box Score,,
Mon Jan 2 2012,7:00 pm,Milwaukee Bucks,86,Denver Nuggets,91,Box Score,,
Mon Jan 2 2012,7:30 pm,Orlando Magic,78,Detroit Pistons,89,Box Score,,
Mon Jan 2 2012,7:30 pm,Atlanta Hawks,100,Miami Heat,92,Box Score,,
Mon Jan 2 2012,7:00 pm,San Antonio Spurs,96,Minnesota Timberwolves,106,Box Score,,
Mon Jan 2 2012,7:30 pm,Indiana Pacers,108,New Jersey Nets,94,Box Score,,
Mon Jan 2 2012,7:30 pm,Toronto Raptors,90,New York Knicks,85,Box Score,,
Mon Jan 2 2012,1:30 pm,Golden State Warriors,91,Phoenix Suns,102,Box Score,,
Mon Jan 2 2012,7:00 pm,New Orleans Hornets,90,Utah Jazz,94,Box Score,,
Tue Jan 3 2012,7:00 pm,Atlanta Hawks,74,Chicago Bulls,76,Box Score,,
Tue Jan 3 2012,7:00 pm,Charlotte Bobcats,101,Cleveland Cavaliers,115,Box Score,,
Tue Jan 3 2012,7:30 pm,Houston Rockets,99,Los Angeles Lakers,108,Box Score,,
Tue Jan 3 2012,7:00 pm,Sacramento Kings,96,Memphis Grizzlies,113,Box Score,,
Tue Jan 3 2012,7:00 pm,Portland Trail Blazers,103,Oklahoma City Thunder,93,Box Score,,
Tue Jan 3 2012,7:00 pm,Milwaukee Bucks,73,Utah Jazz,85,Box Score,,
Wed Jan 4 2012,7:30 pm,New Jersey Nets,70,Boston Celtics,89,Box Score,,
Wed Jan 4 2012,7:30 pm,Phoenix Suns,89,Dallas Mavericks,98,Box Score,,
Wed Jan 4 2012,7:00 pm,Sacramento Kings,83,Denver Nuggets,110,Box Score,,
Wed Jan 4 2012,7:30 pm,Chicago Bulls,99,Detroit Pistons,83,Box Score,,
Wed Jan 4 2012,7:30 pm,Houston Rockets,89,Los Angeles Clippers,117,Box Score,,
Wed Jan 4 2012,7:30 pm,Indiana Pacers,83,Miami Heat,118,Box Score,,
Wed Jan 4 2012,7:00 pm,Memphis Grizzlies,90,Minnesota Timberwolves,86,Box Score,,
Wed Jan 4 2012,7:00 pm,Philadelphia 76ers,101,New Orleans Hornets,93,Box Score,,
Wed Jan 4 2012,7:30 pm,Charlotte Bobcats,118,New York Knicks,110,Box Score,,
Wed Jan 4 2012,7:00 pm,Washington Wizards,85,Orlando Magic,103,Box Score,,
Wed Jan 4 2012,7:30 pm,Golden State Warriors,95,San Antonio Spurs,101,Box Score,,
Wed Jan 4 2012,7:00 pm,Cleveland Cavaliers,77,Toronto Raptors,92,Box Score,,
Thu Jan 5 2012,8:00 pm,Miami Heat,116,Atlanta Hawks,109,Box Score,3OT,
Thu Jan 5 2012,7:30 pm,Los Angeles Lakers,96,Portland Trail Blazers,107,Box Score,,
Thu Jan 5 2012,7:00 pm,Milwaukee Bucks,100,Sacramento Kings,103,Box Score,,
Thu Jan 5 2012,7:30 pm,Dallas Mavericks,71,San Antonio Spurs,93,Box Score,,
Fri Jan 6 2012,7:30 pm,Indiana Pacers,87,Boston Celtics,74,Box Score,,
Fri Jan 6 2012,7:00 pm,Atlanta Hawks,102,Charlotte Bobcats,96,Box Score,OT,
Fri Jan 6 2012,7:30 pm,Golden State Warriors,90,Los Angeles Lakers,97,Box Score,,
Fri Jan 6 2012,7:00 pm,Cleveland Cavaliers,98,Minnesota Timberwolves,87,Box Score,,
Fri Jan 6 2012,7:00 pm,Denver Nuggets,96,New Orleans Hornets,88,Box Score,,
Fri Jan 6 2012,7:00 pm,Houston Rockets,94,Oklahoma City Thunder,109,Box Score,,
Fri Jan 6 2012,8:00 pm,Chicago Bulls,97,Orlando Magic,83,Box Score,,
Fri Jan 6 2012,7:00 pm,Detroit Pistons,73,Philadelphia 76ers,96,Box Score,,
Fri Jan 6 2012,8:30 pm,Portland Trail Blazers,77,Phoenix Suns,102,Box Score,,
Fri Jan 6 2012,7:00 pm,New Jersey Nets,97,Toronto Raptors,85,Box Score,,
Fri Jan 6 2012,7:00 pm,Memphis Grizzlies,85,Utah Jazz,94,Box Score,,
Fri Jan 6 2012,7:00 pm,New York Knicks,99,Washington Wizards,96,Box Score,,
Sat Jan 7 2012,7:00 pm,Chicago Bulls,94,Atlanta Hawks,109,Box Score,,
Sat Jan 7 2012,8:00 pm,New Orleans Hornets,81,Dallas Mavericks,96,Box Score,,
Sat Jan 7 2012,7:30 pm,New York Knicks,103,Detroit Pistons,80,Box Score,,
Sat Jan 7 2012,7:30 pm,Utah Jazz,88,Golden State Warriors,87,Box Score,,
Sat Jan 7 2012,7:00 pm,Oklahoma City Thunder,98,Houston Rockets,95,Box Score,,
Sat Jan 7 2012,7:00 pm,Charlotte Bobcats,77,Indiana Pacers,99,Box Score,,
Sat Jan 7 2012,7:30 pm,Milwaukee Bucks,86,Los Angeles Clippers,92,Box Score,,
Sat Jan 7 2012,7:30 pm,Miami Heat,101,New Jersey Nets,90,Box Score,,
Sat Jan 7 2012,8:00 pm,Toronto Raptors,62,Philadelphia 76ers,97,Box Score,,
Sat Jan 7 2012,7:30 pm,Denver Nuggets,117,San Antonio Spurs,121,Box Score,,
Sun Jan 8 2012,6:30 pm,Memphis Grizzlies,82,Los Angeles Lakers,90,Box Score,,
Sun Jan 8 2012,6:00 pm,San Antonio Spurs,96,Oklahoma City Thunder,108,Box Score,,
Sun Jan 8 2012,6:00 pm,Milwaukee Bucks,93,Phoenix Suns,109,Box Score,,
Sun Jan 8 2012,6:00 pm,Cleveland Cavaliers,78,Portland Trail Blazers,98,Box Score,,
Sun Jan 8 2012,3:00 pm,Orlando Magic,104,Sacramento Kings,97,Box Score,,
Sun Jan 8 2012,1:00 pm,Minnesota Timberwolves,93,Washington Wizards,72,Box Score,,
Mon Jan 9 2012,7:00 pm,Detroit Pistons,68,Chicago Bulls,92,Box Score,,
Mon Jan 9 2012,7:00 pm,New Orleans Hornets,94,Denver Nuggets,81,Box Score,,
Mon Jan 9 2012,7:30 pm,Atlanta Hawks,106,New Jersey Nets,101,Box Score,,
Mon Jan 9 2012,7:30 pm,Charlotte Bobcats,87,New York Knicks,91,Box Score,,
Mon Jan 9 2012,7:00 pm,Indiana Pacers,86,Philadelphia 76ers,96,Box Score,,
Mon Jan 9 2012,7:00 pm,Minnesota Timberwolves,87,Toronto Raptors,97,Box Score,,
Tue Jan 10 2012,7:00 pm,Houston Rockets,82,Charlotte Bobcats,70,Box Score,,
Tue Jan 10 2012,7:30 pm,Dallas Mavericks,100,Detroit Pistons,86,Box Score,,
Tue Jan 10 2012,7:30 pm,Miami Heat,106,Golden State Warriors,111,Box Score,OT,
Tue Jan 10 2012,7:30 pm,Phoenix Suns,83,Los Angeles Lakers,99,Box Score,,
Tue Jan 10 2012,7:00 pm,Oklahoma City Thunder,100,Memphis Grizzlies,95,Box Score,,
Tue Jan 10 2012,7:00 pm,San Antonio Spurs,103,Milwaukee Bucks,106,Box Score,,
Tue Jan 10 2012,7:00 pm,Chicago Bulls,111,Minnesota Timberwolves,100,Box Score,,
Tue Jan 10 2012,7:00 pm,Sacramento Kings,85,Philadelphia 76ers,112,Box Score,,
Tue Jan 10 2012,7:00 pm,Los Angeles Clippers,97,Portland Trail Blazers,105,Box Score,,
Tue Jan 10 2012,7:00 pm,Cleveland Cavaliers,105,Utah Jazz,113,Box Score,,
Tue Jan 10 2012,7:00 pm,Toronto Raptors,78,Washington Wizards,93,Box Score,,
Wed Jan 11 2012,8:00 pm,Dallas Mavericks,90,Boston Celtics,85,Box Score,,
Wed Jan 11 2012,7:00 pm,Washington Wizards,64,Chicago Bulls,78,Box Score,,
Wed Jan 11 2012,7:00 pm,New Jersey Nets,115,Denver Nuggets,123,Box Score,,
Wed Jan 11 2012,7:00 pm,Atlanta Hawks,84,Indiana Pacers,96,Box Score,,
Wed Jan 11 2012,7:30 pm,Miami Heat,89,Los Angeles Clippers,95,Box Score,OT,
Wed Jan 11 2012,7:00 pm,Oklahoma City Thunder,95,New Orleans Hornets,85,Box Score,,
Wed Jan 11 2012,7:30 pm,Philadelphia 76ers,79,New York Knicks,85,Box Score,,
Wed Jan 11 2012,7:00 pm,Orlando Magic,107,Portland Trail Blazers,104,Box Score,,
Wed Jan 11 2012,7:30 pm,Houston Rockets,95,San Antonio Spurs,101,Box Score,OT,
Wed Jan 11 2012,7:00 pm,Sacramento Kings,98,Toronto Raptors,91,Box Score,,
Wed Jan 11 2012,7:00 pm,Los Angeles Lakers,90,Utah Jazz,87,Box Score,OT,
Thu Jan 12 2012,7:30 pm,Charlotte Bobcats,81,Atlanta Hawks,111,Box Score,,
Thu Jan 12 2012,7:30 pm,Orlando Magic,117,Golden State Warriors,109,Box Score,,
Thu Jan 12 2012,7:00 pm,New York Knicks,83,Memphis Grizzlies,94,Box Score,,
Thu Jan 12 2012,7:00 pm,Detroit Pistons,93,Milwaukee Bucks,102,Box Score,,
Thu Jan 12 2012,7:00 pm,Cleveland Cavaliers,101,Phoenix Suns,90,Box Score,,
Fri Jan 13 2012,8:00 pm,Chicago Bulls,88,Boston Celtics,79,Box Score,,
Fri Jan 13 2012,7:00 pm,Detroit Pistons,98,Charlotte Bobcats,81,Box Score,,
Fri Jan 13 2012,7:30 pm,Milwaukee Bucks,76,Dallas Mavericks,102,Box Score,,
Fri Jan 13 2012,8:30 pm,Miami Heat,104,Denver Nuggets,117,Box Score,,
Fri Jan 13 2012,7:00 pm,Sacramento Kings,89,Houston Rockets,103,Box Score,,
Fri Jan 13 2012,7:30 pm,Cleveland Cavaliers,92,Los Angeles Lakers,97,Box Score,,
Fri Jan 13 2012,7:00 pm,Minnesota Timberwolves,87,New Orleans Hornets,80,Box Score,,
Fri Jan 13 2012,7:00 pm,Washington Wizards,89,Philadelphia 76ers,120,Box Score,,
Fri Jan 13 2012,7:00 pm,New Jersey Nets,110,Phoenix Suns,103,Box Score,,
Fri Jan 13 2012,7:30 pm,Portland Trail Blazers,83,San Antonio Spurs,99,Box Score,,
Fri Jan 13 2012,7:00 pm,Indiana Pacers,95,Toronto Raptors,90,Box Score,,
Sat Jan 14 2012,7:00 pm,Minnesota Timberwolves,91,Atlanta Hawks,93,Box Score,,
Sat Jan 14 2012,7:00 pm,Golden State Warriors,100,Charlotte Bobcats,112,Box Score,,
Sat Jan 14 2012,7:00 pm,Toronto Raptors,64,Chicago Bulls,77,Box Score,,
Sat Jan 14 2012,8:00 pm,Sacramento Kings,60,Dallas Mavericks,99,Box Score,,
Sat Jan 14 2012,7:00 pm,Portland Trail Blazers,105,Houston Rockets,107,Box Score,OT,
Sat Jan 14 2012,7:00 pm,Boston Celtics,83,Indiana Pacers,97,Box Score,,
Sat Jan 14 2012,7:30 pm,Los Angeles Lakers,94,Los Angeles Clippers,102,Box Score,,
Sat Jan 14 2012,7:00 pm,New Orleans Hornets,99,Memphis Grizzlies,108,Box Score,,
Sat Jan 14 2012,7:00 pm,New York Knicks,92,Oklahoma City Thunder,104,Box Score,,
Sat Jan 14 2012,7:00 pm,New Jersey Nets,94,Utah Jazz,107,Box Score,,
Sat Jan 14 2012,7:00 pm,Philadelphia 76ers,103,Washington Wizards,90,Box Score,,
Sun Jan 15 2012,6:00 pm,Utah Jazz,106,Denver Nuggets,96,Box Score,,
Sun Jan 15 2012,6:00 pm,Golden State Warriors,99,Detroit Pistons,91,Box Score,,
Sun Jan 15 2012,8:00 pm,Phoenix Suns,91,San Antonio Spurs,102,Box Score,,
Mon Jan 16 2012,4:00 pm,Toronto Raptors,84,Atlanta Hawks,93,Box Score,,
Mon Jan 16 2012,8:00 pm,Oklahoma City Thunder,97,Boston Celtics,88,Box Score,,
Mon Jan 16 2012,2:00 pm,Cleveland Cavaliers,102,Charlotte Bobcats,94,Box Score,,
Mon Jan 16 2012,12:30 pm,New Jersey Nets,91,Los Angeles Clippers,101,Box Score,,
Mon Jan 16 2012,7:30 pm,Dallas Mavericks,70,Los Angeles Lakers,73,Box Score,,
Mon Jan 16 2012,12:00 pm,Chicago Bulls,86,Memphis Grizzlies,102,Box Score,,
Mon Jan 16 2012,7:00 pm,Sacramento Kings,86,Minnesota Timberwolves,99,Box Score,,
Mon Jan 16 2012,2:00 pm,Portland Trail Blazers,84,New Orleans Hornets,77,Box Score,,
Mon Jan 16 2012,1:00 pm,Orlando Magic,102,New York Knicks,93,Box Score,,
Mon Jan 16 2012,2:00 pm,Milwaukee Bucks,82,Philadelphia 76ers,94,Box Score,,
Mon Jan 16 2012,2:00 pm,Houston Rockets,114,Washington Wizards,106,Box Score,,
Tue Jan 17 2012,7:00 pm,Phoenix Suns,97,Chicago Bulls,118,Box Score,,
Tue Jan 17 2012,7:00 pm,Golden State Warriors,105,Cleveland Cavaliers,95,Box Score,,
Tue Jan 17 2012,7:00 pm,Detroit Pistons,80,Houston Rockets,97,Box Score,,
Tue Jan 17 2012,7:30 pm,San Antonio Spurs,98,Miami Heat,120,Box Score,,
Tue Jan 17 2012,7:00 pm,Denver Nuggets,105,Milwaukee Bucks,95,Box Score,,
Tue Jan 17 2012,7:00 pm,Charlotte Bobcats,89,Orlando Magic,96,Box Score,,
Tue Jan 17 2012,7:00 pm,Los Angeles Clippers,79,Utah Jazz,108,Box Score,,
Wed Jan 18 2012,8:00 pm,Portland Trail Blazers,89,Atlanta Hawks,92,Box Score,,
Wed Jan 18 2012,7:30 pm,Toronto Raptors,73,Boston Celtics,96,Box Score,,
Wed Jan 18 2012,7:30 pm,Dallas Mavericks,89,Los Angeles Clippers,91,Box Score,,
Wed Jan 18 2012,7:00 pm,Detroit Pistons,85,Minnesota Timberwolves,93,Box Score,,
Wed Jan 18 2012,7:30 pm,Golden State Warriors,100,New Jersey Nets,107,Box Score,,
Wed Jan 18 2012,7:00 pm,Memphis Grizzlies,93,New Orleans Hornets,87,Box Score,,
Wed Jan 18 2012,7:30 pm,Phoenix Suns,91,New York Knicks,88,Box Score,,
Wed Jan 18 2012,7:00 pm,San Antonio Spurs,85,Orlando Magic,83,Box Score,OT,
Wed Jan 18 2012,7:00 pm,Denver Nuggets,108,Philadelphia 76ers,104,Box Score,OT,
Wed Jan 18 2012,7:00 pm,Indiana Pacers,88,Sacramento Kings,92,Box Score,,
Wed Jan 18 2012,7:00 pm,Oklahoma City Thunder,102,Washington Wizards,105,Box Score,,
Thu Jan 19 2012,7:00 pm,New Orleans Hornets,88,Houston Rockets,90,Box Score,OT,
Thu Jan 19 2012,8:00 pm,Los Angeles Lakers,87,Miami Heat,98,Box Score,,
Thu Jan 19 2012,8:30 pm,Dallas Mavericks,94,Utah Jazz,91,Box Score,,
Fri Jan 20 2012,7:30 pm,Phoenix Suns,79,Boston Celtics,71,Box Score,,
Fri Jan 20 2012,7:30 pm,Chicago Bulls,114,Cleveland Cavaliers,75,Box Score,,
Fri Jan 20 2012,7:30 pm,Memphis Grizzlies,98,Detroit Pistons,81,Box Score,,
Fri Jan 20 2012,7:30 pm,Indiana Pacers,94,Golden State Warriors,91,Box Score,,
Fri Jan 20 2012,7:30 pm,Minnesota Timberwolves,101,Los Angeles Clippers,98,Box Score,,
Fri Jan 20 2012,7:30 pm,Milwaukee Bucks,100,New York Knicks,86,Box Score,,
Fri Jan 20 2012,8:00 pm,Los Angeles Lakers,80,Orlando Magic,92,Box Score,,
Fri Jan 20 2012,7:00 pm,Atlanta Hawks,76,Philadelphia 76ers,90,Box Score,,
Fri Jan 20 2012,7:30 pm,Sacramento Kings,88,San Antonio Spurs,86,Box Score,,
Fri Jan 20 2012,7:00 pm,Portland Trail Blazers,94,Toronto Raptors,84,Box Score,,
Fri Jan 20 2012,7:00 pm,Denver Nuggets,108,Washington Wizards,104,Box Score,,
Sat Jan 21 2012,7:00 pm,Cleveland Cavaliers,94,Atlanta Hawks,121,Box Score,,
Sat Jan 21 2012,7:00 pm,Charlotte Bobcats,89,Chicago Bulls,95,Box Score,,
Sat Jan 21 2012,7:30 pm,Portland Trail Blazers,91,Detroit Pistons,94,Box Score,,
Sat Jan 21 2012,7:00 pm,San Antonio Spurs,102,Houston Rockets,105,Box Score,,
Sat Jan 21 2012,7:00 pm,Sacramento Kings,95,Memphis Grizzlies,128,Box Score,,
Sat Jan 21 2012,7:30 pm,Philadelphia 76ers,92,Miami Heat,113,Box Score,,
Sat Jan 21 2012,8:00 pm,Oklahoma City Thunder,84,New Jersey Nets,74,Box Score,,
Sat Jan 21 2012,7:00 pm,Dallas Mavericks,83,New Orleans Hornets,81,Box Score,,
Sat Jan 21 2012,7:30 pm,Denver Nuggets,119,New York Knicks,114,Box Score,2OT,
Sat Jan 21 2012,7:00 pm,Minnesota Timberwolves,98,Utah Jazz,108,Box Score,,
Sun Jan 22 2012,12:30 pm,Toronto Raptors,91,Los Angeles Clippers,103,Box Score,,
Sun Jan 22 2012,6:30 pm,Indiana Pacers,98,Los Angeles Lakers,96,Box Score,,
Sun Jan 22 2012,6:00 pm,Milwaukee Bucks,91,Miami Heat,82,Box Score,,
Sun Jan 22 2012,6:00 pm,Charlotte Bobcats,87,New Jersey Nets,97,Box Score,,
Sun Jan 22 2012,1:00 pm,Boston Celtics,100,Washington Wizards,94,Box Score,,
Mon Jan 23 2012,7:30 pm,Orlando Magic,56,Boston Celtics,87,Box Score,,
Mon Jan 23 2012,7:00 pm,New Jersey Nets,95,Chicago Bulls,110,Box Score,,
Mon Jan 23 2012,7:30 pm,Phoenix Suns,87,Dallas Mavericks,93,Box Score,,
Mon Jan 23 2012,7:30 pm,Memphis Grizzlies,91,Golden State Warriors,90,Box Score,,
Mon Jan 23 2012,7:00 pm,Atlanta Hawks,97,Milwaukee Bucks,92,Box Score,,
Mon Jan 23 2012,7:00 pm,Houston Rockets,107,Minnesota Timberwolves,92,Box Score,,
Mon Jan 23 2012,7:00 pm,San Antonio Spurs,104,New Orleans Hornets,102,Box Score,,
Mon Jan 23 2012,7:00 pm,Detroit Pistons,79,Oklahoma City Thunder,99,Box Score,,
Mon Jan 23 2012,7:00 pm,Washington Wizards,83,Philadelphia 76ers,103,Box Score,,
Mon Jan 23 2012,7:00 pm,Sacramento Kings,89,Portland Trail Blazers,101,Box Score,,
Tue Jan 24 2012,7:00 pm,New York Knicks,111,Charlotte Bobcats,78,Box Score,,
Tue Jan 24 2012,7:00 pm,Orlando Magic,102,Indiana Pacers,83,Box Score,,
Tue Jan 24 2012,7:30 pm,Cleveland Cavaliers,85,Miami Heat,92,Box Score,,
Tue Jan 24 2012,7:00 pm,Toronto Raptors,99,Phoenix Suns,96,Box Score,,
Tue Jan 24 2012,7:00 pm,Memphis Grizzlies,84,Portland Trail Blazers,97,Box Score,,
Wed Jan 25 2012,7:00 pm,Indiana Pacers,95,Chicago Bulls,90,Box Score,,
Wed Jan 25 2012,7:00 pm,New York Knicks,81,Cleveland Cavaliers,91,Box Score,,
Wed Jan 25 2012,7:30 pm,Minnesota Timberwolves,105,Dallas Mavericks,90,Box Score,,
Wed Jan 25 2012,7:30 pm,Miami Heat,101,Detroit Pistons,98,Box Score,,
Wed Jan 25 2012,7:30 pm,Portland Trail Blazers,93,Golden State Warriors,101,Box Score,,
Wed Jan 25 2012,7:00 pm,Milwaukee Bucks,105,Houston Rockets,99,Box Score,,
Wed Jan 25 2012,7:30 pm,Los Angeles Clippers,91,Los Angeles Lakers,96,Box Score,,
Wed Jan 25 2012,7:00 pm,New Orleans Hornets,91,Oklahoma City Thunder,101,Box Score,,
Wed Jan 25 2012,7:00 pm,New Jersey Nets,97,Philadelphia 76ers,90,Box Score,OT,
Wed Jan 25 2012,7:00 pm,Denver Nuggets,122,Sacramento Kings,93,Box Score,,
Wed Jan 25 2012,7:30 pm,Atlanta Hawks,83,San Antonio Spurs,105,Box Score,,
Wed Jan 25 2012,7:00 pm,Toronto Raptors,111,Utah Jazz,106,Box Score,2OT,
Wed Jan 25 2012,7:00 pm,Charlotte Bobcats,75,Washington Wizards,92,Box Score,,
Thu Jan 26 2012,7:30 pm,Memphis Grizzlies,91,Los Angeles Clippers,98,Box Score,,
Thu Jan 26 2012,8:00 pm,Boston Celtics,91,Orlando Magic,83,Box Score,,
Fri Jan 27 2012,7:30 pm,Indiana Pacers,87,Boston Celtics,94,Box Score,,
Fri Jan 27 2012,7:00 pm,Milwaukee Bucks,100,Chicago Bulls,107,Box Score,,
Fri Jan 27 2012,7:30 pm,New Jersey Nets,99,Cleveland Cavaliers,96,Box Score,,
Fri Jan 27 2012,7:30 pm,Utah Jazz,101,Dallas Mavericks,116,Box Score,,
Fri Jan 27 2012,7:00 pm,Toronto Raptors,81,Denver Nuggets,96,Box Score,,
Fri Jan 27 2012,7:30 pm,Atlanta Hawks,107,Detroit Pistons,101,Box Score,OT,
Fri Jan 27 2012,7:30 pm,Oklahoma City Thunder,120,Golden State Warriors,109,Box Score,,
Fri Jan 27 2012,7:00 pm,Washington Wizards,76,Houston Rockets,103,Box Score,,
Fri Jan 27 2012,8:00 pm,New York Knicks,89,Miami Heat,99,Box Score,,
Fri Jan 27 2012,7:00 pm,San Antonio Spurs,79,Minnesota Timberwolves,87,Box Score,,
Fri Jan 27 2012,7:00 pm,Orlando Magic,67,New Orleans Hornets,93,Box Score,,
Fri Jan 27 2012,7:00 pm,Charlotte Bobcats,72,Philadelphia 76ers,89,Box Score,,
Fri Jan 27 2012,7:00 pm,Phoenix Suns,71,Portland Trail Blazers,109,Box Score,,
Sat Jan 28 2012,7:00 pm,Washington Wizards,102,Charlotte Bobcats,99,Box Score,,
Sat Jan 28 2012,7:00 pm,New York Knicks,84,Houston Rockets,97,Box Score,,
Sat Jan 28 2012,7:30 pm,Los Angeles Lakers,89,Milwaukee Bucks,100,Box Score,,
Sat Jan 28 2012,7:00 pm,Detroit Pistons,74,Philadelphia 76ers,95,Box Score,,
Sat Jan 28 2012,7:00 pm,Memphis Grizzlies,84,Phoenix Suns,86,Box Score,,
Sat Jan 28 2012,7:00 pm,Sacramento Kings,93,Utah Jazz,96,Box Score,,
Sun Jan 29 2012,6:00 pm,Cleveland Cavaliers,88,Boston Celtics,87,Box Score,,
Sun Jan 29 2012,5:30 pm,San Antonio Spurs,100,Dallas Mavericks,101,Box Score,OT,
Sun Jan 29 2012,6:00 pm,Los Angeles Clippers,109,Denver Nuggets,105,Box Score,,
Sun Jan 29 2012,3:30 pm,Chicago Bulls,93,Miami Heat,97,Box Score,,
Sun Jan 29 2012,6:00 pm,Los Angeles Lakers,106,Minnesota Timberwolves,101,Box Score,,
Sun Jan 29 2012,6:00 pm,Toronto Raptors,94,New Jersey Nets,73,Box Score,,
Sun Jan 29 2012,6:00 pm,Atlanta Hawks,94,New Orleans Hornets,72,Box Score,,
Sun Jan 29 2012,6:00 pm,Indiana Pacers,106,Orlando Magic,85,Box Score,,
Mon Jan 30 2012,7:00 pm,Minnesota Timberwolves,120,Houston Rockets,108,Box Score,,
Mon Jan 30 2012,7:30 pm,Oklahoma City Thunder,100,Los Angeles Clippers,112,Box Score,,
Mon Jan 30 2012,7:00 pm,San Antonio Spurs,83,Memphis Grizzlies,73,Box Score,,
Mon Jan 30 2012,7:30 pm,New Orleans Hornets,95,Miami Heat,109,Box Score,,
Mon Jan 30 2012,7:00 pm,Detroit Pistons,82,Milwaukee Bucks,103,Box Score,,
Mon Jan 30 2012,7:00 pm,Orlando Magic,69,Philadelphia 76ers,74,Box Score,,
Mon Jan 30 2012,7:00 pm,Dallas Mavericks,122,Phoenix Suns,99,Box Score,,
Mon Jan 30 2012,7:00 pm,Portland Trail Blazers,89,Utah Jazz,93,Box Score,,
Mon Jan 30 2012,7:00 pm,Chicago Bulls,98,Washington Wizards,88,Box Score,,
Tue Jan 31 2012,7:00 pm,Boston Celtics,93,Cleveland Cavaliers,90,Box Score,,
Tue Jan 31 2012,7:30 pm,Sacramento Kings,90,Golden State Warriors,93,Box Score,,
Tue Jan 31 2012,7:00 pm,New Jersey Nets,99,Indiana Pacers,106,Box Score,,
Tue Jan 31 2012,7:30 pm,Charlotte Bobcats,73,Los Angeles Lakers,106,Box Score,,
Tue Jan 31 2012,7:00 pm,Denver Nuggets,97,Memphis Grizzlies,100,Box Score,OT,
Tue Jan 31 2012,7:30 pm,Detroit Pistons,86,New York Knicks,113,Box Score,,
Tue Jan 31 2012,7:00 pm,Atlanta Hawks,100,Toronto Raptors,77,Box Score,,
Wed Feb 1 2012,7:30 pm,Toronto Raptors,64,Boston Celtics,100,Box Score,,
Wed Feb 1 2012,7:00 pm,Oklahoma City Thunder,95,Dallas Mavericks,86,Box Score,,
Wed Feb 1 2012,7:00 pm,Miami Heat,97,Milwaukee Bucks,105,Box Score,,
Wed Feb 1 2012,7:00 pm,Indiana Pacers,109,Minnesota Timberwolves,99,Box Score,,
Wed Feb 1 2012,7:30 pm,Detroit Pistons,96,New Jersey Nets,99,Box Score,,
Wed Feb 1 2012,7:00 pm,Phoenix Suns,120,New Orleans Hornets,103,Box Score,,
Wed Feb 1 2012,7:00 pm,Washington Wizards,103,Orlando Magic,109,Box Score,,
Wed Feb 1 2012,7:00 pm,Chicago Bulls,82,Philadelphia 76ers,98,Box Score,,
Wed Feb 1 2012,7:00 pm,Charlotte Bobcats,68,Portland Trail Blazers,112,Box Score,,
Wed Feb 1 2012,7:30 pm,Houston Rockets,91,San Antonio Spurs,99,Box Score,,
Wed Feb 1 2012,8:30 pm,Los Angeles Clippers,107,Utah Jazz,105,Box Score,,
Thu Feb 2 2012,7:30 pm,Memphis Grizzlies,96,Atlanta Hawks,77,Box Score,,
Thu Feb 2 2012,7:30 pm,Utah Jazz,101,Golden State Warriors,119,Box Score,,
Thu Feb 2 2012,7:30 pm,Denver Nuggets,112,Los Angeles Clippers,91,Box Score,,
Thu Feb 2 2012,8:00 pm,Chicago Bulls,105,New York Knicks,102,Box Score,,
Thu Feb 2 2012,7:00 pm,Portland Trail Blazers,92,Sacramento Kings,95,Box Score,,
Thu Feb 2 2012,7:30 pm,New Orleans Hornets,81,San Antonio Spurs,93,Box Score,,
Fri Feb 3 2012,8:00 pm,New York Knicks,89,Boston Celtics,91,Box Score,,
Fri Feb 3 2012,7:30 pm,Indiana Pacers,98,Dallas Mavericks,87,Box Score,,
Fri Feb 3 2012,8:30 pm,Los Angeles Lakers,93,Denver Nuggets,89,Box Score,,
Fri Feb 3 2012,7:30 pm,Milwaukee Bucks,80,Detroit Pistons,88,Box Score,,
Fri Feb 3 2012,7:00 pm,Phoenix Suns,81,Houston Rockets,99,Box Score,,
Fri Feb 3 2012,7:30 pm,Minnesota Timberwolves,108,New Jersey Nets,105,Box Score,,
Fri Feb 3 2012,7:00 pm,Memphis Grizzlies,94,Oklahoma City Thunder,101,Box Score,,
Fri Feb 3 2012,7:00 pm,Cleveland Cavaliers,94,Orlando Magic,102,Box Score,,
Fri Feb 3 2012,7:00 pm,Miami Heat,99,Philadelphia 76ers,79,Box Score,,
Fri Feb 3 2012,7:00 pm,Washington Wizards,89,Toronto Raptors,106,Box Score,,
Sat Feb 4 2012,7:00 pm,Philadelphia 76ers,98,Atlanta Hawks,87,Box Score,,
Sat Feb 4 2012,7:30 pm,Dallas Mavericks,88,Cleveland Cavaliers,91,Box Score,,
Sat Feb 4 2012,7:30 pm,New Orleans Hornets,87,Detroit Pistons,89,Box Score,,
Sat Feb 4 2012,7:00 pm,Orlando Magic,85,Indiana Pacers,81,Box Score,,
Sat Feb 4 2012,7:30 pm,Chicago Bulls,113,Milwaukee Bucks,90,Box Score,,
Sat Feb 4 2012,7:00 pm,Houston Rockets,91,Minnesota Timberwolves,100,Box Score,,
Sat Feb 4 2012,7:30 pm,New Jersey Nets,92,New York Knicks,99,Box Score,,
Sat Feb 4 2012,7:00 pm,Charlotte Bobcats,89,Phoenix Suns,95,Box Score,,
Sat Feb 4 2012,7:00 pm,Denver Nuggets,97,Portland Trail Blazers,117,Box Score,,
Sat Feb 4 2012,7:00 pm,Golden State Warriors,106,Sacramento Kings,114,Box Score,OT,
Sat Feb 4 2012,7:30 pm,Oklahoma City Thunder,96,San Antonio Spurs,107,Box Score,,
Sat Feb 4 2012,7:00 pm,Los Angeles Lakers,87,Utah Jazz,96,Box Score,,
Sat Feb 4 2012,7:00 pm,Los Angeles Clippers,107,Washington Wizards,81,Box Score,,
Sun Feb 5 2012,12:00 pm,Memphis Grizzlies,80,Boston Celtics,98,Box Score,,
Sun Feb 5 2012,1:00 pm,Toronto Raptors,89,Miami Heat,95,Box Score,,
Mon Feb 6 2012,7:30 pm,Phoenix Suns,99,Atlanta Hawks,90,Box Score,,
Mon Feb 6 2012,7:00 pm,Houston Rockets,99,Denver Nuggets,90,Box Score,,
Mon Feb 6 2012,7:00 pm,San Antonio Spurs,89,Memphis Grizzlies,84,Box Score,,
Mon Feb 6 2012,7:30 pm,Chicago Bulls,108,New Jersey Nets,87,Box Score,,
Mon Feb 6 2012,7:00 pm,Sacramento Kings,100,New Orleans Hornets,92,Box Score,,
Mon Feb 6 2012,7:30 pm,Utah Jazz,88,New York Knicks,99,Box Score,,
Mon Feb 6 2012,7:00 pm,Los Angeles Clippers,107,Orlando Magic,102,Box Score,OT,
Mon Feb 6 2012,7:00 pm,Los Angeles Lakers,90,Philadelphia 76ers,95,Box Score,,
Mon Feb 6 2012,7:00 pm,Oklahoma City Thunder,111,Portland Trail Blazers,107,Box Score,OT,
Mon Feb 6 2012,7:00 pm,Toronto Raptors,108,Washington Wizards,111,Box Score,OT,
Tue Feb 7 2012,7:30 pm,Charlotte Bobcats,84,Boston Celtics,94,Box Score,,
Tue Feb 7 2012,7:30 pm,Oklahoma City Thunder,119,Golden State Warriors,116,Box Score,,
Tue Feb 7 2012,7:00 pm,Utah Jazz,99,Indiana Pacers,104,Box Score,,
Tue Feb 7 2012,7:30 pm,Cleveland Cavaliers,91,Miami Heat,107,Box Score,,
Tue Feb 7 2012,7:00 pm,Phoenix Suns,107,Milwaukee Bucks,105,Box Score,,
Tue Feb 7 2012,7:00 pm,Sacramento Kings,84,Minnesota Timberwolves,86,Box Score,,
Wed Feb 8 2012,7:30 pm,Indiana Pacers,87,Atlanta Hawks,97,Box Score,,
Wed Feb 8 2012,7:00 pm,Los Angeles Clippers,92,Cleveland Cavaliers,99,Box Score,,
Wed Feb 8 2012,7:00 pm,Dallas Mavericks,105,Denver Nuggets,95,Box Score,,
Wed Feb 8 2012,7:00 pm,Minnesota Timberwolves,80,Memphis Grizzlies,85,Box Score,,
Wed Feb 8 2012,7:30 pm,Detroit Pistons,99,New Jersey Nets,92,Box Score,,
Wed Feb 8 2012,7:00 pm,Chicago Bulls,90,New Orleans Hornets,67,Box Score,,
Wed Feb 8 2012,7:00 pm,Miami Heat,89,Orlando Magic,102,Box Score,,
Wed Feb 8 2012,7:00 pm,San Antonio Spurs,100,Philadelphia 76ers,90,Box Score,,
Wed Feb 8 2012,7:00 pm,Houston Rockets,103,Portland Trail Blazers,96,Box Score,,
Wed Feb 8 2012,7:00 pm,Milwaukee Bucks,105,Toronto Raptors,99,Box Score,,
Wed Feb 8 2012,7:00 pm,New York Knicks,107,Washington Wizards,93,Box Score,,
Thu Feb 9 2012,8:00 pm,Los Angeles Lakers,88,Boston Celtics,87,Box Score,OT,
Thu Feb 9 2012,7:00 pm,Golden State Warriors,109,Denver Nuggets,101,Box Score,,
Thu Feb 9 2012,7:00 pm,Houston Rockets,96,Phoenix Suns,89,Box Score,,
Thu Feb 9 2012,7:30 pm,Oklahoma City Thunder,101,Sacramento Kings,106,Box Score,,
Fri Feb 10 2012,7:00 pm,Chicago Bulls,95,Charlotte Bobcats,64,Box Score,,
Fri Feb 10 2012,7:30 pm,Milwaukee Bucks,113,Cleveland Cavaliers,112,Box Score,OT,
Fri Feb 10 2012,7:30 pm,New Jersey Nets,92,Detroit Pistons,109,Box Score,,
Fri Feb 10 2012,7:00 pm,Indiana Pacers,92,Memphis Grizzlies,98,Box Score,,
Fri Feb 10 2012,7:00 pm,Dallas Mavericks,104,Minnesota Timberwolves,97,Box Score,,
Fri Feb 10 2012,7:00 pm,Portland Trail Blazers,94,New Orleans Hornets,86,Box Score,,
Fri Feb 10 2012,8:00 pm,Los Angeles Lakers,85,New York Knicks,92,Box Score,,
Fri Feb 10 2012,7:00 pm,Atlanta Hawks,89,Orlando Magic,87,Box Score,OT,
Fri Feb 10 2012,7:00 pm,Los Angeles Clippers,78,Philadelphia 76ers,77,Box Score,,
Fri Feb 10 2012,7:00 pm,Boston Celtics,74,Toronto Raptors,86,Box Score,,
Fri Feb 10 2012,8:30 pm,Oklahoma City Thunder,101,Utah Jazz,87,Box Score,,
Fri Feb 10 2012,7:00 pm,Miami Heat,106,Washington Wizards,89,Box Score,,
Sat Feb 11 2012,7:00 pm,Los Angeles Clippers,111,Charlotte Bobcats,86,Box Score,,
Sat Feb 11 2012,7:30 pm,Philadelphia 76ers,99,Cleveland Cavaliers,84,Box Score,,
Sat Feb 11 2012,7:30 pm,Portland Trail Blazers,94,Dallas Mavericks,97,Box Score,2OT,
Sat Feb 11 2012,7:00 pm,Denver Nuggets,113,Indiana Pacers,109,Box Score,,
Sat Feb 11 2012,8:00 pm,Orlando Magic,99,Milwaukee Bucks,94,Box Score,,
Sat Feb 11 2012,7:00 pm,New York Knicks,100,Minnesota Timberwolves,98,Box Score,,
Sat Feb 11 2012,8:00 pm,San Antonio Spurs,103,New Jersey Nets,89,Box Score,,
Sat Feb 11 2012,7:00 pm,Phoenix Suns,98,Sacramento Kings,84,Box Score,,
Sun Feb 12 2012,7:00 pm,Miami Heat,107,Atlanta Hawks,87,Box Score,,
Sun Feb 12 2012,3:30 pm,Chicago Bulls,91,Boston Celtics,95,Box Score,,
Sun Feb 12 2012,6:00 pm,Washington Wizards,98,Detroit Pistons,77,Box Score,,
Sun Feb 12 2012,6:00 pm,Houston Rockets,97,Golden State Warriors,106,Box Score,,
Sun Feb 12 2012,8:30 pm,Utah Jazz,98,Memphis Grizzlies,88,Box Score,,
Sun Feb 12 2012,1:00 pm,Los Angeles Lakers,94,Toronto Raptors,92,Box Score,,
Mon Feb 13 2012,7:00 pm,Philadelphia 76ers,98,Charlotte Bobcats,89,Box Score,,
Mon Feb 13 2012,7:30 pm,Los Angeles Clippers,92,Dallas Mavericks,96,Box Score,,
Mon Feb 13 2012,7:30 pm,Phoenix Suns,96,Golden State Warriors,102,Box Score,,
Mon Feb 13 2012,7:00 pm,Miami Heat,114,Milwaukee Bucks,96,Box Score,,
Mon Feb 13 2012,7:00 pm,Utah Jazz,80,New Orleans Hornets,86,Box Score,,
Mon Feb 13 2012,7:00 pm,Minnesota Timberwolves,89,Orlando Magic,102,Box Score,,
Tue Feb 14 2012,7:00 pm,Sacramento Kings,115,Chicago Bulls,121,Box Score,,
Tue Feb 14 2012,7:00 pm,Phoenix Suns,92,Denver Nuggets,109,Box Score,,
Tue Feb 14 2012,7:30 pm,San Antonio Spurs,99,Detroit Pistons,95,Box Score,,
Tue Feb 14 2012,7:00 pm,Miami Heat,105,Indiana Pacers,90,Box Score,,
Tue Feb 14 2012,7:30 pm,Atlanta Hawks,78,Los Angeles Lakers,86,Box Score,,
Tue Feb 14 2012,7:00 pm,Houston Rockets,83,Memphis Grizzlies,93,Box Score,,
Tue Feb 14 2012,7:00 pm,Utah Jazz,85,Oklahoma City Thunder,111,Box Score,,
Tue Feb 14 2012,7:00 pm,Washington Wizards,124,Portland Trail Blazers,109,Box Score,,
Tue Feb 14 2012,7:00 pm,New York Knicks,90,Toronto Raptors,87,Box Score,,
Wed Feb 15 2012,7:30 pm,Detroit Pistons,98,Boston Celtics,88,Box Score,,
Wed Feb 15 2012,7:30 pm,Indiana Pacers,87,Cleveland Cavaliers,98,Box Score,,
Wed Feb 15 2012,7:30 pm,Denver Nuggets,84,Dallas Mavericks,102,Box Score,,
Wed Feb 15 2012,7:00 pm,Portland Trail Blazers,93,Golden State Warriors,91,Box Score,,
Wed Feb 15 2012,7:00 pm,Oklahoma City Thunder,95,Houston Rockets,96,Box Score,,
Wed Feb 15 2012,7:30 pm,Washington Wizards,84,Los Angeles Clippers,102,Box Score,,
Wed Feb 15 2012,7:00 pm,New Orleans Hornets,92,Milwaukee Bucks,89,Box Score,,
Wed Feb 15 2012,7:00 pm,Charlotte Bobcats,90,Minnesota Timberwolves,102,Box Score,,
Wed Feb 15 2012,7:30 pm,Memphis Grizzlies,105,New Jersey Nets,100,Box Score,,
Wed Feb 15 2012,7:30 pm,Sacramento Kings,85,New York Knicks,100,Box Score,,
Wed Feb 15 2012,7:00 pm,Philadelphia 76ers,87,Orlando Magic,103,Box Score,,
Wed Feb 15 2012,7:00 pm,Atlanta Hawks,101,Phoenix Suns,99,Box Score,,
Wed Feb 15 2012,7:00 pm,San Antonio Spurs,113,Toronto Raptors,106,Box Score,,
Thu Feb 16 2012,7:00 pm,Boston Celtics,80,Chicago Bulls,89,Box Score,,
Thu Feb 16 2012,7:00 pm,New Jersey Nets,88,Indiana Pacers,93,Box Score,,
Thu Feb 16 2012,7:30 pm,Los Angeles Clippers,74,Portland Trail Blazers,71,Box Score,,
Fri Feb 17 2012,7:30 pm,Miami Heat,111,Cleveland Cavaliers,87,Box Score,,
Fri Feb 17 2012,7:30 pm,Sacramento Kings,108,Detroit Pistons,114,Box Score,,
Fri Feb 17 2012,7:00 pm,Minnesota Timberwolves,111,Houston Rockets,98,Box Score,,
Fri Feb 17 2012,7:30 pm,Phoenix Suns,99,Los Angeles Lakers,111,Box Score,,
Fri Feb 17 2012,7:00 pm,Denver Nuggets,102,Memphis Grizzlies,103,Box Score,,
Fri Feb 17 2012,8:00 pm,New Orleans Hornets,89,New York Knicks,85,Box Score,,
Fri Feb 17 2012,7:00 pm,Golden State Warriors,87,Oklahoma City Thunder,110,Box Score,,
Fri Feb 17 2012,7:00 pm,Milwaukee Bucks,85,Orlando Magic,94,Box Score,,
Fri Feb 17 2012,8:00 pm,Dallas Mavericks,82,Philadelphia 76ers,75,Box Score,,
Fri Feb 17 2012,7:00 pm,Charlotte Bobcats,98,Toronto Raptors,91,Box Score,,
Fri Feb 17 2012,7:00 pm,Washington Wizards,100,Utah Jazz,114,Box Score,,
Sat Feb 18 2012,3:00 pm,New Jersey Nets,97,Chicago Bulls,85,Box Score,,
Sat Feb 18 2012,12:30 pm,San Antonio Spurs,103,Los Angeles Clippers,100,Box Score,OT,
Sat Feb 18 2012,7:00 pm,Golden State Warriors,103,Memphis Grizzlies,104,Box Score,,
Sat Feb 18 2012,7:00 pm,Atlanta Hawks,77,Portland Trail Blazers,97,Box Score,,
Sun Feb 19 2012,6:00 pm,Sacramento Kings,92,Cleveland Cavaliers,93,Box Score,,
Sun Feb 19 2012,6:00 pm,Boston Celtics,81,Detroit Pistons,96,Box Score,,
Sun Feb 19 2012,6:00 pm,Utah Jazz,85,Houston Rockets,101,Box Score,,
Sun Feb 19 2012,6:00 pm,Charlotte Bobcats,73,Indiana Pacers,108,Box Score,,
Sun Feb 19 2012,3:30 pm,Orlando Magic,78,Miami Heat,90,Box Score,,
Sun Feb 19 2012,6:00 pm,Philadelphia 76ers,91,Minnesota Timberwolves,92,Box Score,,
Sun Feb 19 2012,7:00 pm,Milwaukee Bucks,92,New Jersey Nets,85,Box Score,,
Sun Feb 19 2012,1:00 pm,Dallas Mavericks,97,New York Knicks,104,Box Score,,
Sun Feb 19 2012,7:00 pm,Denver Nuggets,118,Oklahoma City Thunder,124,Box Score,OT,
Sun Feb 19 2012,6:00 pm,Los Angeles Lakers,90,Phoenix Suns,102,Box Score,,
Mon Feb 20 2012,3:00 pm,Atlanta Hawks,79,Chicago Bulls,90,Box Score,,
Mon Feb 20 2012,7:00 pm,Boston Celtics,73,Dallas Mavericks,89,Box Score,,
Mon Feb 20 2012,7:00 pm,Minnesota Timberwolves,101,Denver Nuggets,103,Box Score,OT,
Mon Feb 20 2012,7:30 pm,Los Angeles Clippers,97,Golden State Warriors,104,Box Score,,
Mon Feb 20 2012,7:00 pm,Memphis Grizzlies,93,Houston Rockets,97,Box Score,,
Mon Feb 20 2012,7:30 pm,Portland Trail Blazers,92,Los Angeles Lakers,103,Box Score,,
Mon Feb 20 2012,7:00 pm,Orlando Magic,93,Milwaukee Bucks,90,Box Score,,
Mon Feb 20 2012,7:30 pm,New Jersey Nets,100,New York Knicks,92,Box Score,,
Mon Feb 20 2012,7:00 pm,New Orleans Hornets,93,Oklahoma City Thunder,101,Box Score,,
Mon Feb 20 2012,7:00 pm,Washington Wizards,88,Phoenix Suns,104,Box Score,,
Mon Feb 20 2012,7:00 pm,San Antonio Spurs,106,Utah Jazz,102,Box Score,,
Tue Feb 21 2012,7:00 pm,Detroit Pistons,100,Cleveland Cavaliers,101,Box Score,,
Tue Feb 21 2012,7:00 pm,New Orleans Hornets,108,Indiana Pacers,117,Box Score,OT,
Tue Feb 21 2012,7:00 pm,Philadelphia 76ers,76,Memphis Grizzlies,89,Box Score,,
Tue Feb 21 2012,7:30 pm,Sacramento Kings,108,Miami Heat,120,Box Score,,
Tue Feb 21 2012,7:00 pm,San Antonio Spurs,97,Portland Trail Blazers,137,Box Score,,
Wed Feb 22 2012,7:00 pm,Indiana Pacers,102,Charlotte Bobcats,88,Box Score,,
Wed Feb 22 2012,7:00 pm,Milwaukee Bucks,91,Chicago Bulls,110,Box Score,,
Wed Feb 22 2012,7:00 pm,New Orleans Hornets,89,Cleveland Cavaliers,84,Box Score,,
Wed Feb 22 2012,8:30 pm,Los Angeles Lakers,96,Dallas Mavericks,91,Box Score,,
Wed Feb 22 2012,7:00 pm,Philadelphia 76ers,87,Houston Rockets,93,Box Score,,
Wed Feb 22 2012,7:30 pm,Denver Nuggets,95,Los Angeles Clippers,103,Box Score,,
Wed Feb 22 2012,7:00 pm,Utah Jazz,98,Minnesota Timberwolves,100,Box Score,,
Wed Feb 22 2012,7:30 pm,Orlando Magic,108,New Jersey Nets,91,Box Score,,
Wed Feb 22 2012,7:30 pm,Atlanta Hawks,82,New York Knicks,99,Box Score,,
Wed Feb 22 2012,6:00 pm,Boston Celtics,104,Oklahoma City Thunder,119,Box Score,,
Wed Feb 22 2012,7:00 pm,Golden State Warriors,106,Phoenix Suns,104,Box Score,,
Wed Feb 22 2012,7:00 pm,Detroit Pistons,93,Toronto Raptors,103,Box Score,,
Wed Feb 22 2012,7:00 pm,Sacramento Kings,115,Washington Wizards,107,Box Score,,
Thu Feb 23 2012,7:30 pm,Orlando Magic,78,Atlanta Hawks,83,Box Score,,
Thu Feb 23 2012,7:00 pm,San Antonio Spurs,114,Denver Nuggets,99,Box Score,,
Thu Feb 23 2012,7:00 pm,New York Knicks,88,Miami Heat,102,Box Score,,
Thu Feb 23 2012,8:30 pm,Los Angeles Lakers,85,Oklahoma City Thunder,100,Box Score,,
Tue Feb 28 2012,7:00 pm,New Orleans Hornets,95,Chicago Bulls,99,Box Score,,
Tue Feb 28 2012,7:00 pm,Boston Celtics,86,Cleveland Cavaliers,83,Box Score,,
Tue Feb 28 2012,7:30 pm,New Jersey Nets,93,Dallas Mavericks,92,Box Score,,
Tue Feb 28 2012,7:30 pm,Philadelphia 76ers,97,Detroit Pistons,68,Box Score,,
Tue Feb 28 2012,7:00 pm,Toronto Raptors,85,Houston Rockets,88,Box Score,,
Tue Feb 28 2012,7:00 pm,Golden State Warriors,78,Indiana Pacers,102,Box Score,,
Tue Feb 28 2012,7:30 pm,Minnesota Timberwolves,109,Los Angeles Clippers,97,Box Score,,
Tue Feb 28 2012,7:00 pm,Washington Wizards,118,Milwaukee Bucks,119,Box Score,,
Tue Feb 28 2012,7:00 pm,Utah Jazz,96,Sacramento Kings,103,Box Score,,
Wed Feb 29 2012,7:30 pm,Golden State Warriors,85,Atlanta Hawks,82,Box Score,,
Wed Feb 29 2012,7:30 pm,Milwaukee Bucks,96,Boston Celtics,102,Box Score,,
Wed Feb 29 2012,7:00 pm,Portland Trail Blazers,95,Denver Nuggets,104,Box Score,,
Wed Feb 29 2012,7:30 pm,Charlotte Bobcats,94,Detroit Pistons,109,Box Score,,
Wed Feb 29 2012,7:30 pm,Minnesota Timberwolves,85,Los Angeles Lakers,104,Box Score,,
Wed Feb 29 2012,7:00 pm,Dallas Mavericks,85,Memphis Grizzlies,96,Box Score,,
Wed Feb 29 2012,7:00 pm,Toronto Raptors,95,New Orleans Hornets,84,Box Score,,
Wed Feb 29 2012,7:30 pm,Cleveland Cavaliers,103,New York Knicks,120,Box Score,,
Wed Feb 29 2012,7:00 pm,Oklahoma City Thunder,92,Philadelphia 76ers,88,Box Score,,
Wed Feb 29 2012,8:00 pm,Chicago Bulls,96,San Antonio Spurs,89,Box Score,,
Wed Feb 29 2012,7:00 pm,Houston Rockets,83,Utah Jazz,104,Box Score,,
Wed Feb 29 2012,7:00 pm,Orlando Magic,102,Washington Wizards,95,Box Score,,
Thu Mar 1 2012,8:00 pm,Oklahoma City Thunder,105,Orlando Magic,102,Box Score,,
Thu Mar 1 2012,7:00 pm,Minnesota Timberwolves,95,Phoenix Suns,104,Box Score,,
Thu Mar 1 2012,7:30 pm,Miami Heat,107,Portland Trail Blazers,93,Box Score,,
Thu Mar 1 2012,7:00 pm,Los Angeles Clippers,108,Sacramento Kings,100,Box Score,,
Fri Mar 2 2012,7:30 pm,Milwaukee Bucks,94,Atlanta Hawks,99,Box Score,,
Fri Mar 2 2012,7:30 pm,New Jersey Nets,94,Boston Celtics,107,Box Score,,
Fri Mar 2 2012,7:30 pm,Chicago Bulls,112,Cleveland Cavaliers,91,Box Score,,
Fri Mar 2 2012,7:00 pm,Denver Nuggets,117,Houston Rockets,105,Box Score,,
Fri Mar 2 2012,7:30 pm,Sacramento Kings,107,Los Angeles Lakers,115,Box Score,,
Fri Mar 2 2012,7:00 pm,Dallas Mavericks,92,New Orleans Hornets,97,Box Score,,
Fri Mar 2 2012,8:00 pm,Golden State Warriors,83,Philadelphia 76ers,105,Box Score,,
Fri Mar 2 2012,8:30 pm,Los Angeles Clippers,78,Phoenix Suns,81,Box Score,,
Fri Mar 2 2012,7:30 pm,Charlotte Bobcats,72,San Antonio Spurs,102,Box Score,,
Fri Mar 2 2012,7:00 pm,Memphis Grizzlies,102,Toronto Raptors,99,Box Score,,
Fri Mar 2 2012,7:00 pm,Miami Heat,98,Utah Jazz,99,Box Score,,
Sat Mar 3 2012,7:00 pm,Oklahoma City Thunder,90,Atlanta Hawks,97,Box Score,,
Sat Mar 3 2012,7:30 pm,Utah Jazz,96,Dallas Mavericks,102,Box Score,,
Sat Mar 3 2012,7:00 pm,Detroit Pistons,83,Memphis Grizzlies,100,Box Score,,
Sat Mar 3 2012,7:00 pm,Indiana Pacers,102,New Orleans Hornets,84,Box Score,,
Sat Mar 3 2012,7:00 pm,Milwaukee Bucks,98,Orlando Magic,114,Box Score,,
Sat Mar 3 2012,7:00 pm,Minnesota Timberwolves,122,Portland Trail Blazers,110,Box Score,,
Sat Mar 3 2012,7:00 pm,Cleveland Cavaliers,98,Washington Wizards,101,Box Score,,
Sun Mar 4 2012,1:00 pm,New York Knicks,111,Boston Celtics,115,Box Score,OT,
Sun Mar 4 2012,6:00 pm,New Jersey Nets,104,Charlotte Bobcats,101,Box Score,,
Sun Mar 4 2012,6:00 pm,Los Angeles Clippers,105,Houston Rockets,103,Box Score,OT,
Sun Mar 4 2012,12:30 pm,Miami Heat,83,Los Angeles Lakers,93,Box Score,,
Sun Mar 4 2012,7:00 pm,Chicago Bulls,96,Philadelphia 76ers,91,Box Score,,
Sun Mar 4 2012,6:00 pm,Sacramento Kings,88,Phoenix Suns,96,Box Score,,
Sun Mar 4 2012,8:30 pm,Denver Nuggets,99,San Antonio Spurs,94,Box Score,,
Sun Mar 4 2012,6:00 pm,Golden State Warriors,75,Toronto Raptors,83,Box Score,,
Mon Mar 5 2012,7:00 pm,Indiana Pacers,72,Chicago Bulls,92,Box Score,,
Mon Mar 5 2012,7:00 pm,Utah Jazz,109,Cleveland Cavaliers,100,Box Score,,
Mon Mar 5 2012,7:00 pm,Sacramento Kings,116,Denver Nuggets,119,Box Score,OT,
Mon Mar 5 2012,7:00 pm,Philadelphia 76ers,93,Milwaukee Bucks,97,Box Score,,
Mon Mar 5 2012,7:00 pm,Los Angeles Clippers,94,Minnesota Timberwolves,95,Box Score,,
Mon Mar 5 2012,7:00 pm,Dallas Mavericks,91,Oklahoma City Thunder,95,Box Score,,
Mon Mar 5 2012,7:00 pm,New Orleans Hornets,74,Portland Trail Blazers,86,Box Score,,
Mon Mar 5 2012,7:00 pm,Orlando Magic,92,Toronto Raptors,88,Box Score,,
Mon Mar 5 2012,7:00 pm,Golden State Warriors,120,Washington Wizards,100,Box Score,,
Tue Mar 6 2012,7:30 pm,Houston Rockets,92,Boston Celtics,97,Box Score,OT,
Tue Mar 6 2012,7:00 pm,Orlando Magic,84,Charlotte Bobcats,100,Box Score,,
Tue Mar 6 2012,7:30 pm,New York Knicks,85,Dallas Mavericks,95,Box Score,,
Tue Mar 6 2012,7:30 pm,Los Angeles Lakers,85,Detroit Pistons,88,Box Score,OT,
Tue Mar 6 2012,7:00 pm,Atlanta Hawks,101,Indiana Pacers,96,Box Score,,
Tue Mar 6 2012,7:30 pm,New Jersey Nets,78,Miami Heat,108,Box Score,,
Wed Mar 7 2012,7:00 pm,Utah Jazz,99,Charlotte Bobcats,93,Box Score,,
Wed Mar 7 2012,7:00 pm,Cleveland Cavaliers,100,Denver Nuggets,99,Box Score,,
Wed Mar 7 2012,7:30 pm,Memphis Grizzlies,110,Golden State Warriors,92,Box Score,,
Wed Mar 7 2012,7:30 pm,Atlanta Hawks,86,Miami Heat,89,Box Score,,
Wed Mar 7 2012,7:00 pm,Chicago Bulls,106,Milwaukee Bucks,104,Box Score,,
Wed Mar 7 2012,7:00 pm,Portland Trail Blazers,94,Minnesota Timberwolves,106,Box Score,,
Wed Mar 7 2012,8:00 pm,Los Angeles Clippers,100,New Jersey Nets,101,Box Score,,
Wed Mar 7 2012,7:00 pm,Phoenix Suns,104,Oklahoma City Thunder,115,Box Score,,
Wed Mar 7 2012,7:00 pm,Boston Celtics,71,Philadelphia 76ers,103,Box Score,,
Wed Mar 7 2012,7:00 pm,New Orleans Hornets,98,Sacramento Kings,99,Box Score,,
Wed Mar 7 2012,7:30 pm,New York Knicks,105,San Antonio Spurs,118,Box Score,,
Wed Mar 7 2012,7:00 pm,Houston Rockets,98,Toronto Raptors,116,Box Score,,
Wed Mar 7 2012,7:00 pm,Los Angeles Lakers,101,Washington Wizards,106,Box Score,,
Thu Mar 8 2012,7:00 pm,Orlando Magic,99,Chicago Bulls,94,Box Score,,
Thu Mar 8 2012,8:30 pm,Dallas Mavericks,94,Phoenix Suns,96,Box Score,,
Fri Mar 9 2012,7:30 pm,Portland Trail Blazers,86,Boston Celtics,104,Box Score,,
Fri Mar 9 2012,7:00 pm,New Jersey Nets,83,Charlotte Bobcats,74,Box Score,,
Fri Mar 9 2012,7:00 pm,New Orleans Hornets,97,Denver Nuggets,110,Box Score,,
Fri Mar 9 2012,7:30 pm,Atlanta Hawks,85,Detroit Pistons,86,Box Score,,
Fri Mar 9 2012,7:30 pm,New York Knicks,114,Milwaukee Bucks,119,Box Score,,
Fri Mar 9 2012,7:00 pm,Los Angeles Lakers,105,Minnesota Timberwolves,102,Box Score,,
Fri Mar 9 2012,7:00 pm,Cleveland Cavaliers,96,Oklahoma City Thunder,90,Box Score,,
Fri Mar 9 2012,7:00 pm,Utah Jazz,91,Philadelphia 76ers,104,Box Score,,
Fri Mar 9 2012,7:00 pm,Dallas Mavericks,97,Sacramento Kings,110,Box Score,,
Fri Mar 9 2012,7:30 pm,Los Angeles Clippers,120,San Antonio Spurs,108,Box Score,,
Sat Mar 10 2012,7:00 pm,Utah Jazz,97,Chicago Bulls,111,Box Score,,
Sat Mar 10 2012,7:30 pm,Toronto Raptors,86,Detroit Pistons,105,Box Score,,
Sat Mar 10 2012,7:30 pm,Dallas Mavericks,87,Golden State Warriors,111,Box Score,,
Sat Mar 10 2012,7:30 pm,Indiana Pacers,91,Miami Heat,93,Box Score,OT,
Sat Mar 10 2012,7:00 pm,New Orleans Hornets,95,Minnesota Timberwolves,89,Box Score,,
Sat Mar 10 2012,8:00 pm,Houston Rockets,112,New Jersey Nets,106,Box Score,,
Sat Mar 10 2012,7:00 pm,Charlotte Bobcats,95,Oklahoma City Thunder,122,Box Score,,
Sat Mar 10 2012,7:00 pm,Memphis Grizzlies,91,Phoenix Suns,98,Box Score,,
Sat Mar 10 2012,7:00 pm,Portland Trail Blazers,110,Washington Wizards,99,Box Score,,
Sun Mar 11 2012,6:00 pm,Houston Rockets,107,Cleveland Cavaliers,118,Box Score,,
Sun Mar 11 2012,6:00 pm,Memphis Grizzlies,94,Denver Nuggets,91,Box Score,,
Sun Mar 11 2012,6:30 pm,Golden State Warriors,97,Los Angeles Clippers,93,Box Score,,
Sun Mar 11 2012,12:30 pm,Boston Celtics,94,Los Angeles Lakers,97,Box Score,,
Sun Mar 11 2012,12:00 pm,Philadelphia 76ers,106,New York Knicks,94,Box Score,,
Sun Mar 11 2012,6:00 pm,Indiana Pacers,94,Orlando Magic,107,Box Score,,
Sun Mar 11 2012,6:00 pm,Atlanta Hawks,106,Sacramento Kings,99,Box Score,,
Sun Mar 11 2012,6:00 pm,Milwaukee Bucks,105,Toronto Raptors,99,Box Score,,
Mon Mar 12 2012,7:00 pm,New York Knicks,99,Chicago Bulls,104,Box Score,,
Mon Mar 12 2012,7:30 pm,Boston Celtics,94,Los Angeles Clippers,85,Box Score,,
Mon Mar 12 2012,7:30 pm,Milwaukee Bucks,105,New Jersey Nets,99,Box Score,,
Mon Mar 12 2012,7:00 pm,Charlotte Bobcats,73,New Orleans Hornets,71,Box Score,,
Mon Mar 12 2012,7:00 pm,Minnesota Timberwolves,127,Phoenix Suns,124,Box Score,,
Mon Mar 12 2012,7:30 pm,Washington Wizards,97,San Antonio Spurs,112,Box Score,,
Mon Mar 12 2012,7:00 pm,Detroit Pistons,90,Utah Jazz,105,Box Score,,
Tue Mar 13 2012,7:00 pm,Toronto Raptors,96,Cleveland Cavaliers,88,Box Score,,
Tue Mar 13 2012,7:30 pm,Washington Wizards,98,Dallas Mavericks,107,Box Score,,
Tue Mar 13 2012,7:00 pm,Atlanta Hawks,117,Denver Nuggets,118,Box Score,OT,
Tue Mar 13 2012,7:00 pm,Portland Trail Blazers,75,Indiana Pacers,92,Box Score,,
Tue Mar 13 2012,7:00 pm,Los Angeles Lakers,116,Memphis Grizzlies,111,Box Score,2OT,
Tue Mar 13 2012,7:00 pm,Houston Rockets,104,Oklahoma City Thunder,103,Box Score,,
Tue Mar 13 2012,7:00 pm,Miami Heat,98,Orlando Magic,104,Box Score,OT,
Tue Mar 13 2012,7:00 pm,Golden State Warriors,115,Sacramento Kings,89,Box Score,,
Wed Mar 14 2012,8:30 pm,Miami Heat,102,Chicago Bulls,106,Box Score,,
Wed Mar 14 2012,7:30 pm,Boston Celtics,105,Golden State Warriors,103,Box Score,,
Wed Mar 14 2012,7:00 pm,Charlotte Bobcats,87,Houston Rockets,107,Box Score,,
Wed Mar 14 2012,7:00 pm,Philadelphia 76ers,94,Indiana Pacers,111,Box Score,,
Wed Mar 14 2012,7:30 pm,Atlanta Hawks,82,Los Angeles Clippers,96,Box Score,,
Wed Mar 14 2012,7:00 pm,Cleveland Cavaliers,105,Milwaukee Bucks,115,Box Score,,
Wed Mar 14 2012,7:30 pm,Toronto Raptors,84,New Jersey Nets,98,Box Score,,
Wed Mar 14 2012,7:00 pm,Los Angeles Lakers,107,New Orleans Hornets,101,Box Score,OT,
Wed Mar 14 2012,7:30 pm,Portland Trail Blazers,79,New York Knicks,121,Box Score,,
Wed Mar 14 2012,7:30 pm,Utah Jazz,111,Phoenix Suns,120,Box Score,,
Wed Mar 14 2012,7:00 pm,Detroit Pistons,124,Sacramento Kings,112,Box Score,,
Wed Mar 14 2012,7:30 pm,Orlando Magic,111,San Antonio Spurs,122,Box Score,,
Thu Mar 15 2012,7:30 pm,Charlotte Bobcats,96,Dallas Mavericks,101,Box Score,,
Thu Mar 15 2012,7:00 pm,Oklahoma City Thunder,103,Denver Nuggets,90,Box Score,,
Thu Mar 15 2012,7:30 pm,Phoenix Suns,91,Los Angeles Clippers,87,Box Score,,
Thu Mar 15 2012,7:00 pm,Washington Wizards,99,New Orleans Hornets,89,Box Score,,
Thu Mar 15 2012,7:00 pm,Minnesota Timberwolves,105,Utah Jazz,111,Box Score,OT,
Fri Mar 16 2012,7:30 pm,Washington Wizards,88,Atlanta Hawks,102,Box Score,,
Fri Mar 16 2012,7:00 pm,Portland Trail Blazers,100,Chicago Bulls,89,Box Score,,
Fri Mar 16 2012,7:30 pm,Milwaukee Bucks,120,Golden State Warriors,98,Box Score,,
Fri Mar 16 2012,7:30 pm,Minnesota Timberwolves,92,Los Angeles Lakers,97,Box Score,,
Fri Mar 16 2012,7:00 pm,Toronto Raptors,114,Memphis Grizzlies,110,Box Score,OT,
Fri Mar 16 2012,7:30 pm,Indiana Pacers,100,New York Knicks,115,Box Score,,
Fri Mar 16 2012,8:30 pm,San Antonio Spurs,114,Oklahoma City Thunder,105,Box Score,,
Fri Mar 16 2012,7:00 pm,New Jersey Nets,70,Orlando Magic,86,Box Score,,
Fri Mar 16 2012,7:00 pm,Miami Heat,84,Philadelphia 76ers,78,Box Score,,
Fri Mar 16 2012,7:00 pm,Detroit Pistons,101,Phoenix Suns,109,Box Score,,
Fri Mar 16 2012,7:00 pm,Boston Celtics,95,Sacramento Kings,120,Box Score,,
Sat Mar 17 2012,7:00 pm,Toronto Raptors,103,Charlotte Bobcats,107,Box Score,,
Sat Mar 17 2012,7:00 pm,Philadelphia 76ers,80,Chicago Bulls,89,Box Score,,
Sat Mar 17 2012,8:00 pm,San Antonio Spurs,99,Dallas Mavericks,106,Box Score,,
Sat Mar 17 2012,7:00 pm,Boston Celtics,91,Denver Nuggets,98,Box Score,,
Sat Mar 17 2012,7:00 pm,New York Knicks,102,Indiana Pacers,88,Box Score,,
Sat Mar 17 2012,12:30 pm,Houston Rockets,91,Los Angeles Clippers,95,Box Score,,
Sat Mar 17 2012,8:00 pm,New Orleans Hornets,102,New Jersey Nets,94,Box Score,,
Sat Mar 17 2012,7:00 pm,Golden State Warriors,92,Utah Jazz,99,Box Score,OT,
Sun Mar 18 2012,3:00 pm,Atlanta Hawks,103,Cleveland Cavaliers,87,Box Score,,
Sun Mar 18 2012,12:30 pm,Detroit Pistons,83,Los Angeles Clippers,87,Box Score,OT,
Sun Mar 18 2012,6:30 pm,Utah Jazz,103,Los Angeles Lakers,99,Box Score,,
Sun Mar 18 2012,5:00 pm,Washington Wizards,92,Memphis Grizzlies,97,Box Score,,
Sun Mar 18 2012,7:00 pm,Orlando Magic,81,Miami Heat,91,Box Score,,
Sun Mar 18 2012,8:30 pm,Portland Trail Blazers,95,Oklahoma City Thunder,111,Box Score,,
Sun Mar 18 2012,6:00 pm,Houston Rockets,86,Phoenix Suns,99,Box Score,,
Sun Mar 18 2012,3:00 pm,Minnesota Timberwolves,99,Sacramento Kings,115,Box Score,,
Mon Mar 19 2012,7:30 pm,Boston Celtics,79,Atlanta Hawks,76,Box Score,,
Mon Mar 19 2012,7:00 pm,Philadelphia 76ers,105,Charlotte Bobcats,80,Box Score,,
Mon Mar 19 2012,8:30 pm,Dallas Mavericks,112,Denver Nuggets,95,Box Score,,
Mon Mar 19 2012,7:30 pm,Minnesota Timberwolves,97,Golden State Warriors,93,Box Score,,
Mon Mar 19 2012,7:30 pm,Cleveland Cavaliers,105,New Jersey Nets,100,Box Score,,
Mon Mar 19 2012,8:00 pm,Chicago Bulls,85,Orlando Magic,59,Box Score,,
Tue Mar 20 2012,7:00 pm,Los Angeles Lakers,104,Houston Rockets,107,Box Score,,
Tue Mar 20 2012,7:00 pm,Los Angeles Clippers,89,Indiana Pacers,102,Box Score,,
Tue Mar 20 2012,7:30 pm,Phoenix Suns,95,Miami Heat,99,Box Score,,
Tue Mar 20 2012,7:30 pm,Toronto Raptors,87,New York Knicks,106,Box Score,,
Tue Mar 20 2012,7:00 pm,Milwaukee Bucks,116,Portland Trail Blazers,87,Box Score,,
Tue Mar 20 2012,7:00 pm,Memphis Grizzlies,110,Sacramento Kings,119,Box Score,,
Tue Mar 20 2012,7:00 pm,Oklahoma City Thunder,90,Utah Jazz,97,Box Score,,
Wed Mar 21 2012,7:30 pm,Cleveland Cavaliers,102,Atlanta Hawks,103,Box Score,OT,
Wed Mar 21 2012,8:30 pm,Los Angeles Lakers,109,Dallas Mavericks,93,Box Score,,
Wed Mar 21 2012,7:00 pm,Detroit Pistons,115,Denver Nuggets,116,Box Score,,
Wed Mar 21 2012,7:30 pm,Washington Wizards,108,New Jersey Nets,89,Box Score,,
Wed Mar 21 2012,7:00 pm,Golden State Warriors,101,New Orleans Hornets,92,Box Score,,
Wed Mar 21 2012,7:00 pm,Los Angeles Clippers,91,Oklahoma City Thunder,114,Box Score,,
Wed Mar 21 2012,7:00 pm,Phoenix Suns,93,Orlando Magic,103,Box Score,,
Wed Mar 21 2012,7:00 pm,New York Knicks,82,Philadelphia 76ers,79,Box Score,,
Wed Mar 21 2012,7:30 pm,Minnesota Timberwolves,100,San Antonio Spurs,116,Box Score,,
Wed Mar 21 2012,7:00 pm,Chicago Bulls,94,Toronto Raptors,82,Box Score,,
Thu Mar 22 2012,7:00 pm,Golden State Warriors,83,Houston Rockets,109,Box Score,,
Thu Mar 22 2012,7:00 pm,Boston Celtics,100,Milwaukee Bucks,91,Box Score,,
Thu Mar 22 2012,7:00 pm,Los Angeles Clippers,90,New Orleans Hornets,97,Box Score,,
Thu Mar 22 2012,7:00 pm,Memphis Grizzlies,93,Portland Trail Blazers,97,Box Score,,
Thu Mar 22 2012,7:00 pm,Utah Jazz,103,Sacramento Kings,102,Box Score,,
Thu Mar 22 2012,7:00 pm,Indiana Pacers,85,Washington Wizards,83,Box Score,,
Fri Mar 23 2012,7:30 pm,New Jersey Nets,84,Atlanta Hawks,93,Box Score,,
Fri Mar 23 2012,7:00 pm,Milwaukee Bucks,112,Charlotte Bobcats,92,Box Score,,
Fri Mar 23 2012,7:30 pm,Miami Heat,88,Detroit Pistons,73,Box Score,,
Fri Mar 23 2012,7:00 pm,Phoenix Suns,113,Indiana Pacers,111,Box Score,,
Fri Mar 23 2012,7:30 pm,Portland Trail Blazers,96,Los Angeles Lakers,103,Box Score,,
Fri Mar 23 2012,7:00 pm,Minnesota Timberwolves,140,Oklahoma City Thunder,149,Box Score,2OT,
Fri Mar 23 2012,7:00 pm,Cleveland Cavaliers,80,Orlando Magic,93,Box Score,,
Fri Mar 23 2012,8:00 pm,Boston Celtics,86,Philadelphia 76ers,99,Box Score,,
Fri Mar 23 2012,7:30 pm,Dallas Mavericks,87,San Antonio Spurs,104,Box Score,,
Fri Mar 23 2012,7:00 pm,New York Knicks,79,Toronto Raptors,96,Box Score,,
Fri Mar 23 2012,8:30 pm,Denver Nuggets,102,Utah Jazz,121,Box Score,,
Sat Mar 24 2012,7:00 pm,Toronto Raptors,101,Chicago Bulls,102,Box Score,OT,
Sat Mar 24 2012,7:30 pm,Sacramento Kings,108,Golden State Warriors,111,Box Score,,
Sat Mar 24 2012,7:00 pm,Dallas Mavericks,101,Houston Rockets,99,Box Score,OT,
Sat Mar 24 2012,12:00 pm,Memphis Grizzlies,85,Los Angeles Clippers,101,Box Score,,
Sat Mar 24 2012,7:30 pm,Indiana Pacers,125,Milwaukee Bucks,104,Box Score,,
Sat Mar 24 2012,7:30 pm,Charlotte Bobcats,89,New Jersey Nets,102,Box Score,,
Sat Mar 24 2012,7:00 pm,San Antonio Spurs,89,New Orleans Hornets,86,Box Score,,
Sat Mar 24 2012,7:30 pm,Detroit Pistons,79,New York Knicks,101,Box Score,,
Sat Mar 24 2012,7:00 pm,Atlanta Hawks,95,Washington Wizards,92,Box Score,,
Sun Mar 25 2012,6:00 pm,Utah Jazz,133,Atlanta Hawks,139,Box Score,4OT,
Sun Mar 25 2012,6:00 pm,Washington Wizards,76,Boston Celtics,88,Box Score,,
Sun Mar 25 2012,3:00 pm,Phoenix Suns,108,Cleveland Cavaliers,83,Box Score,,
Sun Mar 25 2012,7:30 pm,Memphis Grizzlies,102,Los Angeles Lakers,96,Box Score,,
Sun Mar 25 2012,2:30 pm,Denver Nuggets,100,Minnesota Timberwolves,117,Box Score,,
Sun Mar 25 2012,7:00 pm,Miami Heat,87,Oklahoma City Thunder,103,Box Score,,
Sun Mar 25 2012,6:00 pm,Golden State Warriors,87,Portland Trail Blazers,90,Box Score,,
Sun Mar 25 2012,6:00 pm,Philadelphia 76ers,76,San Antonio Spurs,93,Box Score,,
Mon Mar 26 2012,7:00 pm,Boston Celtics,102,Charlotte Bobcats,95,Box Score,,
Mon Mar 26 2012,7:00 pm,Denver Nuggets,108,Chicago Bulls,91,Box Score,,
Mon Mar 26 2012,7:00 pm,Sacramento Kings,106,Houston Rockets,113,Box Score,OT,
Mon Mar 26 2012,7:00 pm,Miami Heat,90,Indiana Pacers,105,Box Score,,
Mon Mar 26 2012,7:30 pm,New Orleans Hornets,85,Los Angeles Clippers,97,Box Score,,
Mon Mar 26 2012,7:30 pm,Utah Jazz,105,New Jersey Nets,84,Box Score,,
Mon Mar 26 2012,7:30 pm,Milwaukee Bucks,80,New York Knicks,89,Box Score,,
Mon Mar 26 2012,7:00 pm,Orlando Magic,117,Toronto Raptors,101,Box Score,,
Mon Mar 26 2012,7:00 pm,Detroit Pistons,79,Washington Wizards,77,Box Score,,
Tue Mar 27 2012,7:30 pm,Houston Rockets,81,Dallas Mavericks,90,Box Score,,
Tue Mar 27 2012,7:30 pm,Los Angeles Lakers,104,Golden State Warriors,101,Box Score,,
Tue Mar 27 2012,7:00 pm,Minnesota Timberwolves,86,Memphis Grizzlies,93,Box Score,,
Tue Mar 27 2012,7:00 pm,Atlanta Hawks,101,Milwaukee Bucks,108,Box Score,,
Tue Mar 27 2012,7:00 pm,Cleveland Cavaliers,85,Philadelphia 76ers,103,Box Score,,
Tue Mar 27 2012,7:00 pm,San Antonio Spurs,107,Phoenix Suns,100,Box Score,,
Tue Mar 27 2012,7:00 pm,Oklahoma City Thunder,109,Portland Trail Blazers,95,Box Score,,
Wed Mar 28 2012,7:30 pm,Chicago Bulls,98,Atlanta Hawks,77,Box Score,,
Wed Mar 28 2012,7:30 pm,Utah Jazz,82,Boston Celtics,94,Box Score,,
Wed Mar 28 2012,7:00 pm,Minnesota Timberwolves,88,Charlotte Bobcats,83,Box Score,,
Wed Mar 28 2012,7:00 pm,Detroit Pistons,87,Cleveland Cavaliers,75,Box Score,,
Wed Mar 28 2012,7:30 pm,New Orleans Hornets,102,Golden State Warriors,87,Box Score,,
Wed Mar 28 2012,7:30 pm,Phoenix Suns,86,Los Angeles Clippers,103,Box Score,,
Wed Mar 28 2012,7:30 pm,Indiana Pacers,84,New Jersey Nets,100,Box Score,,
Wed Mar 28 2012,7:00 pm,Orlando Magic,86,New York Knicks,108,Box Score,,
Wed Mar 28 2012,7:00 pm,San Antonio Spurs,117,Sacramento Kings,112,Box Score,,
Wed Mar 28 2012,7:00 pm,Denver Nuggets,96,Toronto Raptors,105,Box Score,,
Thu Mar 29 2012,7:00 pm,Washington Wizards,89,Indiana Pacers,93,Box Score,,
Thu Mar 29 2012,7:30 pm,Oklahoma City Thunder,102,Los Angeles Lakers,93,Box Score,,
Thu Mar 29 2012,8:00 pm,Dallas Mavericks,85,Miami Heat,106,Box Score,,
Thu Mar 29 2012,7:00 pm,New Orleans Hornets,93,Portland Trail Blazers,99,Box Score,,
Fri Mar 30 2012,7:30 pm,New York Knicks,90,Atlanta Hawks,100,Box Score,,
Fri Mar 30 2012,7:00 pm,Denver Nuggets,99,Charlotte Bobcats,88,Box Score,,
Fri Mar 30 2012,7:00 pm,Detroit Pistons,71,Chicago Bulls,83,Box Score,,
Fri Mar 30 2012,7:30 pm,Milwaukee Bucks,121,Cleveland Cavaliers,84,Box Score,,
Fri Mar 30 2012,7:30 pm,New Jersey Nets,102,Golden State Warriors,100,Box Score,,
Fri Mar 30 2012,7:00 pm,Memphis Grizzlies,89,Houston Rockets,98,Box Score,,
Fri Mar 30 2012,7:30 pm,Portland Trail Blazers,97,Los Angeles Clippers,98,Box Score,,
Fri Mar 30 2012,7:00 pm,Boston Celtics,100,Minnesota Timberwolves,79,Box Score,,
Fri Mar 30 2012,8:00 pm,Dallas Mavericks,100,Orlando Magic,98,Box Score,,
Fri Mar 30 2012,7:00 pm,Miami Heat,113,Toronto Raptors,101,Box Score,,
Fri Mar 30 2012,7:00 pm,Sacramento Kings,104,Utah Jazz,103,Box Score,,
Fri Mar 30 2012,7:00 pm,Philadelphia 76ers,76,Washington Wizards,97,Box Score,,
Sat Mar 31 2012,7:30 pm,Charlotte Bobcats,107,Detroit Pistons,110,Box Score,OT,
Sat Mar 31 2012,7:30 pm,Utah Jazz,96,Los Angeles Clippers,105,Box Score,,
Sat Mar 31 2012,12:30 pm,New Orleans Hornets,85,Los Angeles Lakers,88,Box Score,,
Sat Mar 31 2012,7:30 pm,Memphis Grizzlies,99,Milwaukee Bucks,95,Box Score,,
Sat Mar 31 2012,7:30 pm,Cleveland Cavaliers,75,New York Knicks,91,Box Score,,
Sat Mar 31 2012,7:30 pm,Atlanta Hawks,90,Philadelphia 76ers,95,Box Score,,
Sat Mar 31 2012,7:00 pm,New Jersey Nets,111,Sacramento Kings,99,Box Score,,
Sat Mar 31 2012,7:30 pm,Indiana Pacers,103,San Antonio Spurs,112,Box Score,,
Sun Apr 1 2012,3:30 pm,Miami Heat,72,Boston Celtics,91,Box Score,,
Sun Apr 1 2012,6:00 pm,Indiana Pacers,104,Houston Rockets,102,Box Score,OT,
Sun Apr 1 2012,6:30 pm,Golden State Warriors,112,Los Angeles Lakers,120,Box Score,,
Sun Apr 1 2012,12:00 pm,Chicago Bulls,78,Oklahoma City Thunder,92,Box Score,,
Sun Apr 1 2012,6:00 pm,Denver Nuggets,104,Orlando Magic,101,Box Score,,
Sun Apr 1 2012,6:00 pm,New Orleans Hornets,75,Phoenix Suns,92,Box Score,,
Sun Apr 1 2012,6:00 pm,Minnesota Timberwolves,106,Portland Trail Blazers,119,Box Score,,
Sun Apr 1 2012,6:00 pm,Washington Wizards,92,Toronto Raptors,99,Box Score,,
Mon Apr 2 2012,7:00 pm,Houston Rockets,99,Chicago Bulls,93,Box Score,,
Mon Apr 2 2012,7:30 pm,Los Angeles Clippers,94,Dallas Mavericks,75,Box Score,,
Mon Apr 2 2012,7:00 pm,Memphis Grizzlies,94,Oklahoma City Thunder,88,Box Score,,
Mon Apr 2 2012,7:00 pm,Utah Jazz,102,Portland Trail Blazers,97,Box Score,,
Mon Apr 2 2012,7:00 pm,Minnesota Timberwolves,108,Sacramento Kings,116,Box Score,,
Mon Apr 2 2012,7:00 pm,Milwaukee Bucks,112,Washington Wizards,98,Box Score,,
Tue Apr 3 2012,7:00 pm,San Antonio Spurs,125,Cleveland Cavaliers,90,Box Score,,
Tue Apr 3 2012,7:30 pm,Orlando Magic,95,Detroit Pistons,102,Box Score,,
Tue Apr 3 2012,7:00 pm,New York Knicks,104,Indiana Pacers,112,Box Score,,
Tue Apr 3 2012,7:30 pm,New Jersey Nets,87,Los Angeles Lakers,91,Box Score,,
Tue Apr 3 2012,7:00 pm,Golden State Warriors,94,Memphis Grizzlies,98,Box Score,,
Tue Apr 3 2012,7:30 pm,Philadelphia 76ers,93,Miami Heat,99,Box Score,,
Tue Apr 3 2012,7:00 pm,Phoenix Suns,109,Sacramento Kings,100,Box Score,,
Tue Apr 3 2012,7:00 pm,Charlotte Bobcats,87,Toronto Raptors,92,Box Score,,
Wed Apr 4 2012,7:30 pm,Charlotte Bobcats,93,Atlanta Hawks,120,Box Score,,
Wed Apr 4 2012,7:30 pm,San Antonio Spurs,87,Boston Celtics,86,Box Score,,
Wed Apr 4 2012,7:30 pm,Memphis Grizzlies,85,Dallas Mavericks,95,Box Score,,
Wed Apr 4 2012,7:30 pm,Los Angeles Lakers,113,Los Angeles Clippers,108,Box Score,,
Wed Apr 4 2012,8:00 pm,Oklahoma City Thunder,93,Miami Heat,98,Box Score,,
Wed Apr 4 2012,7:00 pm,Cleveland Cavaliers,98,Milwaukee Bucks,107,Box Score,,
Wed Apr 4 2012,7:00 pm,Golden State Warriors,97,Minnesota Timberwolves,94,Box Score,,
Wed Apr 4 2012,7:00 pm,Denver Nuggets,92,New Orleans Hornets,94,Box Score,,
Wed Apr 4 2012,7:00 pm,Toronto Raptors,99,Philadelphia 76ers,78,Box Score,,
Wed Apr 4 2012,7:00 pm,New Jersey Nets,88,Portland Trail Blazers,101,Box Score,,
Wed Apr 4 2012,7:00 pm,Phoenix Suns,107,Utah Jazz,105,Box Score,,
Wed Apr 4 2012,7:00 pm,Indiana Pacers,109,Washington Wizards,96,Box Score,,
Thu Apr 5 2012,8:30 pm,Boston Celtics,86,Chicago Bulls,93,Box Score,,
Thu Apr 5 2012,7:30 pm,Washington Wizards,94,Detroit Pistons,99,Box Score,,
Thu Apr 5 2012,7:00 pm,New York Knicks,96,Orlando Magic,80,Box Score,,
Thu Apr 5 2012,7:00 pm,Los Angeles Clippers,93,Sacramento Kings,85,Box Score,,
Fri Apr 6 2012,7:30 pm,Detroit Pistons,96,Atlanta Hawks,101,Box Score,,
Fri Apr 6 2012,7:30 pm,Portland Trail Blazers,99,Dallas Mavericks,97,Box Score,OT,
Fri Apr 6 2012,7:00 pm,Phoenix Suns,99,Denver Nuggets,105,Box Score,,
Fri Apr 6 2012,7:00 pm,Oklahoma City Thunder,98,Indiana Pacers,103,Box Score,,
Fri Apr 6 2012,7:30 pm,Houston Rockets,112,Los Angeles Lakers,107,Box Score,,
Fri Apr 6 2012,7:30 pm,Memphis Grizzlies,97,Miami Heat,82,Box Score,,
Fri Apr 6 2012,7:30 pm,Charlotte Bobcats,90,Milwaukee Bucks,95,Box Score,,
Fri Apr 6 2012,7:30 pm,Washington Wizards,98,New Jersey Nets,110,Box Score,,
Fri Apr 6 2012,7:30 pm,New Orleans Hornets,103,San Antonio Spurs,128,Box Score,,
Fri Apr 6 2012,7:30 pm,Cleveland Cavaliers,84,Toronto Raptors,80,Box Score,,
Fri Apr 6 2012,7:00 pm,Golden State Warriors,98,Utah Jazz,104,Box Score,,
Sat Apr 7 2012,8:00 pm,Atlanta Hawks,116,Charlotte Bobcats,96,Box Score,,
Sat Apr 7 2012,7:30 pm,Denver Nuggets,97,Golden State Warriors,112,Box Score,,
Sat Apr 7 2012,7:00 pm,Boston Celtics,86,Indiana Pacers,72,Box Score,,
Sat Apr 7 2012,7:30 pm,Sacramento Kings,94,Los Angeles Clippers,109,Box Score,,
Sat Apr 7 2012,7:00 pm,Dallas Mavericks,89,Memphis Grizzlies,94,Box Score,,
Sat Apr 7 2012,7:30 pm,Portland Trail Blazers,94,Milwaukee Bucks,116,Box Score,,
Sat Apr 7 2012,7:00 pm,Minnesota Timberwolves,90,New Orleans Hornets,99,Box Score,,
Sat Apr 7 2012,8:00 pm,Orlando Magic,88,Philadelphia 76ers,82,Box Score,,
Sat Apr 7 2012,7:00 pm,Los Angeles Lakers,105,Phoenix Suns,125,Box Score,,
Sun Apr 8 2012,6:00 pm,Philadelphia 76ers,79,Boston Celtics,103,Box Score,,
Sun Apr 8 2012,6:00 pm,Detroit Pistons,75,Miami Heat,98,Box Score,,
Sun Apr 8 2012,6:00 pm,Cleveland Cavaliers,117,New Jersey Nets,122,Box Score,OT,
Sun Apr 8 2012,1:00 pm,Chicago Bulls,99,New York Knicks,100,Box Score,OT,
Sun Apr 8 2012,6:00 pm,Toronto Raptors,75,Oklahoma City Thunder,91,Box Score,,
Sun Apr 8 2012,6:00 pm,Houston Rockets,104,Sacramento Kings,87,Box Score,,
Sun Apr 8 2012,6:00 pm,Utah Jazz,104,San Antonio Spurs,114,Box Score,,
Mon Apr 9 2012,7:00 pm,Washington Wizards,113,Charlotte Bobcats,85,Box Score,,
Mon Apr 9 2012,7:00 pm,Golden State Warriors,84,Denver Nuggets,123,Box Score,,
Mon Apr 9 2012,7:00 pm,Toronto Raptors,98,Indiana Pacers,103,Box Score,,
Mon Apr 9 2012,7:00 pm,Los Angeles Clippers,85,Memphis Grizzlies,94,Box Score,,
Mon Apr 9 2012,7:00 pm,Oklahoma City Thunder,109,Milwaukee Bucks,89,Box Score,,
Mon Apr 9 2012,8:00 pm,Phoenix Suns,114,Minnesota Timberwolves,90,Box Score,,
Mon Apr 9 2012,7:00 pm,Los Angeles Lakers,93,New Orleans Hornets,91,Box Score,,
Mon Apr 9 2012,7:00 pm,Detroit Pistons,89,Orlando Magic,119,Box Score,,
Mon Apr 9 2012,7:00 pm,Houston Rockets,94,Portland Trail Blazers,89,Box Score,,
Mon Apr 9 2012,7:00 pm,San Antonio Spurs,84,Utah Jazz,91,Box Score,,
Tue Apr 10 2012,8:30 pm,New York Knicks,86,Chicago Bulls,98,Box Score,,
Tue Apr 10 2012,7:00 pm,Charlotte Bobcats,90,Cleveland Cavaliers,103,Box Score,,
Tue Apr 10 2012,7:30 pm,Sacramento Kings,100,Dallas Mavericks,110,Box Score,,
Tue Apr 10 2012,7:00 pm,Boston Celtics,115,Miami Heat,107,Box Score,,
Tue Apr 10 2012,7:30 pm,Philadelphia 76ers,107,New Jersey Nets,88,Box Score,,
Tue Apr 10 2012,7:00 pm,Orlando Magic,85,Washington Wizards,93,Box Score,,
Wed Apr 11 2012,8:00 pm,Atlanta Hawks,86,Boston Celtics,88,Box Score,OT,
Wed Apr 11 2012,7:00 pm,Indiana Pacers,104,Cleveland Cavaliers,98,Box Score,OT,
Wed Apr 11 2012,7:00 pm,Minnesota Timberwolves,107,Denver Nuggets,113,Box Score,,
Wed Apr 11 2012,7:00 pm,Utah Jazz,103,Houston Rockets,91,Box Score,,
Wed Apr 11 2012,7:00 pm,Phoenix Suns,93,Memphis Grizzlies,104,Box Score,,
Wed Apr 11 2012,7:00 pm,New York Knicks,111,Milwaukee Bucks,107,Box Score,,
Wed Apr 11 2012,7:00 pm,Sacramento Kings,96,New Orleans Hornets,105,Box Score,,
Wed Apr 11 2012,7:00 pm,Los Angeles Clippers,100,Oklahoma City Thunder,98,Box Score,,
Wed Apr 11 2012,7:30 pm,Golden State Warriors,110,Portland Trail Blazers,118,Box Score,,
Wed Apr 11 2012,7:30 pm,Los Angeles Lakers,98,San Antonio Spurs,84,Box Score,,
Wed Apr 11 2012,7:00 pm,Philadelphia 76ers,93,Toronto Raptors,75,Box Score,,
Thu Apr 12 2012,7:00 pm,Detroit Pistons,109,Charlotte Bobcats,85,Box Score,,
Thu Apr 12 2012,7:00 pm,Miami Heat,86,Chicago Bulls,96,Box Score,OT,
Thu Apr 12 2012,7:30 pm,Dallas Mavericks,112,Golden State Warriors,103,Box Score,,
Thu Apr 12 2012,7:00 pm,Los Angeles Clippers,95,Minnesota Timberwolves,82,Box Score,,
Thu Apr 12 2012,7:30 pm,Memphis Grizzlies,97,San Antonio Spurs,107,Box Score,,
Fri Apr 13 2012,8:00 pm,Milwaukee Bucks,113,Detroit Pistons,97,Box Score,,
Fri Apr 13 2012,7:00 pm,Phoenix Suns,112,Houston Rockets,105,Box Score,,
Fri Apr 13 2012,7:00 pm,Cleveland Cavaliers,83,Indiana Pacers,102,Box Score,,
Fri Apr 13 2012,7:30 pm,Denver Nuggets,97,Los Angeles Lakers,103,Box Score,,
Fri Apr 13 2012,7:30 pm,Charlotte Bobcats,82,Miami Heat,105,Box Score,,
Fri Apr 13 2012,7:00 pm,Utah Jazz,85,New Orleans Hornets,96,Box Score,,
Fri Apr 13 2012,7:30 pm,Washington Wizards,65,New York Knicks,103,Box Score,,
Fri Apr 13 2012,7:00 pm,Sacramento Kings,89,Oklahoma City Thunder,115,Box Score,,
Fri Apr 13 2012,7:00 pm,Atlanta Hawks,109,Orlando Magic,81,Box Score,,
Fri Apr 13 2012,7:00 pm,New Jersey Nets,95,Philadelphia 76ers,89,Box Score,,
Fri Apr 13 2012,7:30 pm,Dallas Mavericks,97,Portland Trail Blazers,94,Box Score,,
Fri Apr 13 2012,7:00 pm,Boston Celtics,79,Toronto Raptors,84,Box Score,,
Sat Apr 14 2012,12:30 pm,Golden State Warriors,104,Los Angeles Clippers,112,Box Score,,
Sat Apr 14 2012,7:00 pm,Utah Jazz,98,Memphis Grizzlies,103,Box Score,,
Sat Apr 14 2012,7:30 pm,Indiana Pacers,105,Milwaukee Bucks,99,Box Score,,
Sat Apr 14 2012,7:00 pm,Oklahoma City Thunder,115,Minnesota Timberwolves,110,Box Score,,
Sat Apr 14 2012,7:30 pm,Boston Celtics,94,New Jersey Nets,82,Box Score,,
Sat Apr 14 2012,8:00 pm,Phoenix Suns,91,San Antonio Spurs,105,Box Score,,
Sat Apr 14 2012,7:00 pm,Cleveland Cavaliers,98,Washington Wizards,89,Box Score,,
Sun Apr 15 2012,6:00 pm,Toronto Raptors,102,Atlanta Hawks,86,Box Score,,
Sun Apr 15 2012,6:00 pm,Boston Celtics,94,Charlotte Bobcats,82,Box Score,,
Sun Apr 15 2012,6:00 pm,Orlando Magic,100,Cleveland Cavaliers,84,Box Score,,
Sun Apr 15 2012,6:00 pm,Houston Rockets,86,Denver Nuggets,101,Box Score,,
Sun Apr 15 2012,6:00 pm,Chicago Bulls,100,Detroit Pistons,94,Box Score,OT,
Sun Apr 15 2012,12:30 pm,Dallas Mavericks,108,Los Angeles Lakers,112,Box Score,OT,
Sun Apr 15 2012,6:00 pm,Memphis Grizzlies,75,New Orleans Hornets,88,Box Score,,
Sun Apr 15 2012,1:00 pm,Miami Heat,93,New York Knicks,85,Box Score,,
Sun Apr 15 2012,3:00 pm,Portland Trail Blazers,103,Sacramento Kings,104,Box Score,,
Mon Apr 16 2012,7:00 pm,New Orleans Hornets,75,Charlotte Bobcats,67,Box Score,,
Mon Apr 16 2012,7:00 pm,Washington Wizards,87,Chicago Bulls,84,Box Score,,
Mon Apr 16 2012,7:30 pm,San Antonio Spurs,120,Golden State Warriors,99,Box Score,,
Mon Apr 16 2012,7:00 pm,Denver Nuggets,105,Houston Rockets,102,Box Score,,
Mon Apr 16 2012,7:00 pm,Minnesota Timberwolves,88,Indiana Pacers,111,Box Score,,
Mon Apr 16 2012,7:30 pm,Oklahoma City Thunder,77,Los Angeles Clippers,92,Box Score,,
Mon Apr 16 2012,7:30 pm,Miami Heat,101,New Jersey Nets,98,Box Score,,
Mon Apr 16 2012,7:00 pm,Philadelphia 76ers,100,Orlando Magic,113,Box Score,,
Mon Apr 16 2012,7:00 pm,Portland Trail Blazers,107,Phoenix Suns,125,Box Score,,
Mon Apr 16 2012,7:00 pm,Atlanta Hawks,109,Toronto Raptors,87,Box Score,,
Mon Apr 16 2012,7:00 pm,Dallas Mavericks,121,Utah Jazz,123,Box Score,3OT,
Tue Apr 17 2012,7:30 pm,Cleveland Cavaliers,77,Detroit Pistons,116,Box Score,,
Tue Apr 17 2012,7:30 pm,San Antonio Spurs,112,Los Angeles Lakers,91,Box Score,,
Tue Apr 17 2012,7:00 pm,Memphis Grizzlies,91,Minnesota Timberwolves,84,Box Score,,
Tue Apr 17 2012,8:00 pm,Boston Celtics,110,New York Knicks,118,Box Score,,
Tue Apr 17 2012,7:00 pm,Indiana Pacers,102,Philadelphia 76ers,97,Box Score,,
Wed Apr 18 2012,7:30 pm,Detroit Pistons,84,Atlanta Hawks,116,Box Score,,
Wed Apr 18 2012,8:00 pm,Orlando Magic,98,Boston Celtics,102,Box Score,,
Wed Apr 18 2012,7:00 pm,Chicago Bulls,100,Charlotte Bobcats,68,Box Score,,
Wed Apr 18 2012,7:00 pm,Philadelphia 76ers,103,Cleveland Cavaliers,87,Box Score,,
Wed Apr 18 2012,7:30 pm,Houston Rockets,110,Dallas Mavericks,117,Box Score,,
Wed Apr 18 2012,7:00 pm,Los Angeles Clippers,104,Denver Nuggets,98,Box Score,,
Wed Apr 18 2012,7:30 pm,Los Angeles Lakers,99,Golden State Warriors,87,Box Score,,
Wed Apr 18 2012,7:00 pm,New Orleans Hornets,91,Memphis Grizzlies,103,Box Score,,
Wed Apr 18 2012,7:30 pm,Toronto Raptors,72,Miami Heat,96,Box Score,,
Wed Apr 18 2012,7:30 pm,New York Knicks,104,New Jersey Nets,95,Box Score,,
Wed Apr 18 2012,7:00 pm,Oklahoma City Thunder,109,Phoenix Suns,97,Box Score,,
Wed Apr 18 2012,7:00 pm,Utah Jazz,112,Portland Trail Blazers,91,Box Score,,
Wed Apr 18 2012,7:00 pm,San Antonio Spurs,127,Sacramento Kings,102,Box Score,,
Wed Apr 18 2012,7:00 pm,Milwaukee Bucks,112,Washington Wizards,121,Box Score,,
Thu Apr 19 2012,7:30 pm,Minnesota Timberwolves,91,Detroit Pistons,80,Box Score,,
Thu Apr 19 2012,7:00 pm,Milwaukee Bucks,109,Indiana Pacers,118,Box Score,,
Thu Apr 19 2012,8:00 pm,Chicago Bulls,72,Miami Heat,83,Box Score,,
Thu Apr 19 2012,7:00 pm,Houston Rockets,99,New Orleans Hornets,105,Box Score,OT,
Thu Apr 19 2012,7:30 pm,Los Angeles Clippers,90,Phoenix Suns,93,Box Score,,
Fri Apr 20 2012,7:00 pm,Boston Celtics,92,Atlanta Hawks,97,Box Score,,
Fri Apr 20 2012,7:00 pm,Memphis Grizzlies,85,Charlotte Bobcats,80,Box Score,,
Fri Apr 20 2012,7:30 pm,New York Knicks,90,Cleveland Cavaliers,98,Box Score,,
Fri Apr 20 2012,7:30 pm,Golden State Warriors,94,Dallas Mavericks,104,Box Score,,
Fri Apr 20 2012,7:00 pm,Oklahoma City Thunder,103,Sacramento Kings,92,Box Score,,
Fri Apr 20 2012,8:30 pm,Los Angeles Lakers,97,San Antonio Spurs,121,Box Score,,
Sat Apr 21 2012,7:00 pm,Dallas Mavericks,83,Chicago Bulls,93,Box Score,,
Sat Apr 21 2012,7:00 pm,Golden State Warriors,96,Houston Rockets,99,Box Score,,
Sat Apr 21 2012,7:00 pm,Philadelphia 76ers,109,Indiana Pacers,106,Box Score,OT,
Sat Apr 21 2012,7:00 pm,Portland Trail Blazers,89,Memphis Grizzlies,93,Box Score,,
Sat Apr 21 2012,7:30 pm,Washington Wizards,86,Miami Heat,84,Box Score,,
Sat Apr 21 2012,7:30 pm,New Jersey Nets,95,Milwaukee Bucks,106,Box Score,,
Sat Apr 21 2012,2:30 pm,Denver Nuggets,118,Phoenix Suns,107,Box Score,,
Sat Apr 21 2012,8:30 pm,Orlando Magic,107,Utah Jazz,117,Box Score,OT,
Sun Apr 22 2012,1:00 pm,New York Knicks,113,Atlanta Hawks,112,Box Score,,
Sun Apr 22 2012,6:00 pm,Sacramento Kings,114,Charlotte Bobcats,88,Box Score,,
Sun Apr 22 2012,6:00 pm,Orlando Magic,74,Denver Nuggets,101,Box Score,,
Sun Apr 22 2012,6:00 pm,Toronto Raptors,73,Detroit Pistons,76,Box Score,,
Sun Apr 22 2012,6:30 pm,New Orleans Hornets,98,Los Angeles Clippers,107,Box Score,,
Sun Apr 22 2012,12:30 pm,Oklahoma City Thunder,106,Los Angeles Lakers,114,Box Score,2OT,
Sun Apr 22 2012,6:00 pm,Houston Rockets,88,Miami Heat,97,Box Score,,
Sun Apr 22 2012,6:00 pm,Golden State Warriors,93,Minnesota Timberwolves,88,Box Score,,
Sun Apr 22 2012,6:00 pm,Cleveland Cavaliers,98,San Antonio Spurs,114,Box Score,,
Mon Apr 23 2012,7:00 pm,Detroit Pistons,97,Indiana Pacers,103,Box Score,,
Mon Apr 23 2012,7:00 pm,Cleveland Cavaliers,101,Memphis Grizzlies,109,Box Score,,
Mon Apr 23 2012,7:00 pm,Toronto Raptors,86,Milwaukee Bucks,92,Box Score,,
Mon Apr 23 2012,7:30 pm,Philadelphia 76ers,105,New Jersey Nets,87,Box Score,,
Mon Apr 23 2012,7:30 pm,Portland Trail Blazers,89,San Antonio Spurs,124,Box Score,,
Mon Apr 23 2012,7:00 pm,Charlotte Bobcats,73,Washington Wizards,101,Box Score,,
Tue Apr 24 2012,7:30 pm,Los Angeles Clippers,102,Atlanta Hawks,109,Box Score,,
Tue Apr 24 2012,8:00 pm,Miami Heat,66,Boston Celtics,78,Box Score,,
Tue Apr 24 2012,7:30 pm,New Orleans Hornets,83,Golden State Warriors,81,Box Score,,
Tue Apr 24 2012,7:00 pm,Sacramento Kings,110,Oklahoma City Thunder,118,Box Score,,
Tue Apr 24 2012,8:30 pm,Phoenix Suns,88,Utah Jazz,100,Box Score,,
Wed Apr 25 2012,7:00 pm,Washington Wizards,96,Cleveland Cavaliers,85,Box Score,,
Wed Apr 25 2012,7:00 pm,Chicago Bulls,92,Indiana Pacers,87,Box Score,,
Wed Apr 25 2012,7:00 pm,Philadelphia 76ers,90,Milwaukee Bucks,85,Box Score,,
Wed Apr 25 2012,8:00 pm,Los Angeles Clippers,93,New York Knicks,99,Box Score,,
Wed Apr 25 2012,7:00 pm,Denver Nuggets,106,Oklahoma City Thunder,101,Box Score,,
Wed Apr 25 2012,7:00 pm,Charlotte Bobcats,95,Orlando Magic,102,Box Score,,
Wed Apr 25 2012,7:30 pm,San Antonio Spurs,110,Phoenix Suns,106,Box Score,,
Thu Apr 26 2012,8:00 pm,Dallas Mavericks,89,Atlanta Hawks,106,Box Score,,
Thu Apr 26 2012,8:00 pm,Milwaukee Bucks,74,Boston Celtics,87,Box Score,,
Thu Apr 26 2012,8:00 pm,New York Knicks,104,Charlotte Bobcats,84,Box Score,,
Thu Apr 26 2012,7:00 pm,Cleveland Cavaliers,75,Chicago Bulls,107,Box Score,,
Thu Apr 26 2012,8:00 pm,Philadelphia 76ers,86,Detroit Pistons,108,Box Score,,
Thu Apr 26 2012,7:30 pm,San Antonio Spurs,107,Golden State Warriors,101,Box Score,,
Thu Apr 26 2012,7:00 pm,New Orleans Hornets,77,Houston Rockets,84,Box Score,,
Thu Apr 26 2012,7:00 pm,Orlando Magic,76,Memphis Grizzlies,88,Box Score,,
Thu Apr 26 2012,7:00 pm,Denver Nuggets,131,Minnesota Timberwolves,102,Box Score,,
Thu Apr 26 2012,7:30 pm,Los Angeles Lakers,96,Sacramento Kings,113,Box Score,,
Thu Apr 26 2012,7:00 pm,New Jersey Nets,67,Toronto Raptors,98,Box Score,,
Thu Apr 26 2012,6:00 pm,Portland Trail Blazers,94,Utah Jazz,96,Box Score,,
Thu Apr 26 2012,8:00 pm,Miami Heat,70,Washington Wizards,104,Box Score,,
Sat Apr 28 2012,12:00 pm,Philadelphia 76ers,91,Chicago Bulls,103,Box Score,,
Sat Apr 28 2012,7:00 pm,Orlando Magic,81,Indiana Pacers,77,Box Score,,
Sat Apr 28 2012,3:30 pm,New York Knicks,67,Miami Heat,100,Box Score,,
Sat Apr 28 2012,8:30 pm,Dallas Mavericks,98,Oklahoma City Thunder,99,Box Score,,
Sun Apr 29 2012,7:00 pm,Boston Celtics,74,Atlanta Hawks,83,Box Score,,
Sun Apr 29 2012,12:30 pm,Denver Nuggets,88,Los Angeles Lakers,103,Box Score,,
Sun Apr 29 2012,8:30 pm,Los Angeles Clippers,99,Memphis Grizzlies,98,Box Score,,
Sun Apr 29 2012,12:00 pm,Utah Jazz,91,San Antonio Spurs,106,Box Score,,
Mon Apr 30 2012,7:30 pm,Orlando Magic,78,Indiana Pacers,93,Box Score,,
Mon Apr 30 2012,7:00 pm,New York Knicks,94,Miami Heat,104,Box Score,,
Mon Apr 30 2012,8:30 pm,Dallas Mavericks,99,Oklahoma City Thunder,102,Box Score,,
Tue May 1 2012,7:30 pm,Boston Celtics,87,Atlanta Hawks,80,Box Score,,
Tue May 1 2012,7:00 pm,Philadelphia 76ers,109,Chicago Bulls,92,Box Score,,
Tue May 1 2012,7:30 pm,Denver Nuggets,100,Los Angeles Lakers,104,Box Score,,
Wed May 2 2012,8:30 pm,Los Angeles Clippers,98,Memphis Grizzlies,105,Box Score,,
Wed May 2 2012,7:30 pm,Indiana Pacers,97,Orlando Magic,74,Box Score,,
Wed May 2 2012,6:00 pm,Utah Jazz,83,San Antonio Spurs,114,Box Score,,
Thu May 3 2012,8:30 pm,Oklahoma City Thunder,95,Dallas Mavericks,79,Box Score,,
Thu May 3 2012,7:00 pm,Miami Heat,87,New York Knicks,70,Box Score,,
Fri May 4 2012,7:30 pm,Atlanta Hawks,84,Boston Celtics,90,Box Score,OT,
Fri May 4 2012,8:30 pm,Los Angeles Lakers,84,Denver Nuggets,99,Box Score,,
Fri May 4 2012,8:00 pm,Chicago Bulls,74,Philadelphia 76ers,79,Box Score,,
Sat May 5 2012,6:30 pm,Oklahoma City Thunder,103,Dallas Mavericks,97,Box Score,,
Sat May 5 2012,1:30 pm,Memphis Grizzlies,86,Los Angeles Clippers,87,Box Score,,
Sat May 5 2012,2:00 pm,Indiana Pacers,101,Orlando Magic,99,Box Score,OT,
Sat May 5 2012,8:00 pm,San Antonio Spurs,102,Utah Jazz,90,Box Score,,
Sun May 6 2012,7:00 pm,Atlanta Hawks,79,Boston Celtics,101,Box Score,,
Sun May 6 2012,7:30 pm,Los Angeles Lakers,92,Denver Nuggets,88,Box Score,,
Sun May 6 2012,3:30 pm,Miami Heat,87,New York Knicks,89,Box Score,,
Sun May 6 2012,1:00 pm,Chicago Bulls,82,Philadelphia 76ers,89,Box Score,,
Mon May 7 2012,7:30 pm,Memphis Grizzlies,97,Los Angeles Clippers,101,Box Score,OT,
Mon May 7 2012,6:00 pm,San Antonio Spurs,87,Utah Jazz,81,Box Score,,
Tue May 8 2012,8:00 pm,Boston Celtics,86,Atlanta Hawks,87,Box Score,,
Tue May 8 2012,8:30 pm,Philadelphia 76ers,69,Chicago Bulls,77,Box Score,,
Tue May 8 2012,7:00 pm,Orlando Magic,87,Indiana Pacers,105,Box Score,,
Tue May 8 2012,7:30 pm,Denver Nuggets,102,Los Angeles Lakers,99,Box Score,,
Wed May 9 2012,8:30 pm,Los Angeles Clippers,80,Memphis Grizzlies,92,Box Score,,
Wed May 9 2012,7:00 pm,New York Knicks,94,Miami Heat,106,Box Score,,
Thu May 10 2012,8:00 pm,Atlanta Hawks,80,Boston Celtics,83,Box Score,,
Thu May 10 2012,8:30 pm,Los Angeles Lakers,96,Denver Nuggets,113,Box Score,,
Thu May 10 2012,7:00 pm,Chicago Bulls,78,Philadelphia 76ers,79,Box Score,,
Fri May 11 2012,6:00 pm,Memphis Grizzlies,90,Los Angeles Clippers,88,Box Score,,
Sat May 12 2012,8:00 pm,Philadelphia 76ers,91,Boston Celtics,92,Box Score,,
Sat May 12 2012,7:30 pm,Denver Nuggets,87,Los Angeles Lakers,96,Box Score,,
Sun May 13 2012,12:00 pm,Los Angeles Clippers,82,Memphis Grizzlies,72,Box Score,,
Sun May 13 2012,3:30 pm,Indiana Pacers,86,Miami Heat,95,Box Score,,
Mon May 14 2012,7:00 pm,Philadelphia 76ers,82,Boston Celtics,81,Box Score,,
Mon May 14 2012,8:30 pm,Los Angeles Lakers,90,Oklahoma City Thunder,119,Box Score,,
Tue May 15 2012,7:00 pm,Indiana Pacers,78,Miami Heat,75,Box Score,,
Tue May 15 2012,8:30 pm,Los Angeles Clippers,92,San Antonio Spurs,108,Box Score,,
Wed May 16 2012,8:30 pm,Los Angeles Lakers,75,Oklahoma City Thunder,77,Box Score,,
Wed May 16 2012,7:00 pm,Boston Celtics,107,Philadelphia 76ers,91,Box Score,,
Thu May 17 2012,7:00 pm,Miami Heat,75,Indiana Pacers,94,Box Score,,
Thu May 17 2012,8:30 pm,Los Angeles Clippers,88,San Antonio Spurs,105,Box Score,,
Fri May 18 2012,7:30 pm,Oklahoma City Thunder,96,Los Angeles Lakers,99,Box Score,,
Fri May 18 2012,8:00 pm,Boston Celtics,83,Philadelphia 76ers,92,Box Score,,
Sat May 19 2012,12:30 pm,San Antonio Spurs,96,Los Angeles Clippers,86,Box Score,,
Sat May 19 2012,7:30 pm,Oklahoma City Thunder,103,Los Angeles Lakers,100,Box Score,,
Sun May 20 2012,3:30 pm,Miami Heat,101,Indiana Pacers,93,Box Score,,
Sun May 20 2012,7:30 pm,San Antonio Spurs,102,Los Angeles Clippers,99,Box Score,,
Mon May 21 2012,7:00 pm,Philadelphia 76ers,85,Boston Celtics,101,Box Score,,
Mon May 21 2012,8:30 pm,Los Angeles Lakers,90,Oklahoma City Thunder,106,Box Score,,
Tue May 22 2012,8:00 pm,Indiana Pacers,83,Miami Heat,115,Box Score,,
Wed May 23 2012,8:00 pm,Boston Celtics,75,Philadelphia 76ers,82,Box Score,,
Thu May 24 2012,8:00 pm,Miami Heat,105,Indiana Pacers,93,Box Score,,
Sat May 26 2012,8:00 pm,Philadelphia 76ers,75,Boston Celtics,85,Box Score,,
Sun May 27 2012,7:30 pm,Oklahoma City Thunder,98,San Antonio Spurs,101,Box Score,,
Mon May 28 2012,8:30 pm,Boston Celtics,79,Miami Heat,93,Box Score,,
Tue May 29 2012,8:00 pm,Oklahoma City Thunder,111,San Antonio Spurs,120,Box Score,,
Wed May 30 2012,8:30 pm,Boston Celtics,111,Miami Heat,115,Box Score,OT,
Thu May 31 2012,8:00 pm,San Antonio Spurs,82,Oklahoma City Thunder,102,Box Score,,
Fri Jun 1 2012,8:30 pm,Miami Heat,91,Boston Celtics,101,Box Score,,
Sat Jun 2 2012,7:30 pm,San Antonio Spurs,103,Oklahoma City Thunder,109,Box Score,,
Sun Jun 3 2012,8:30 pm,Miami Heat,91,Boston Celtics,93,Box Score,OT,
Mon Jun 4 2012,8:00 pm,Oklahoma City Thunder,108,San Antonio Spurs,103,Box Score,,
Tue Jun 5 2012,8:30 pm,Boston Celtics,94,Miami Heat,90,Box Score,,
Wed Jun 6 2012,8:00 pm,San Antonio Spurs,99,Oklahoma City Thunder,107,Box Score,,
Thu Jun 7 2012,8:30 pm,Miami Heat,98,Boston Celtics,79,Box Score,,
Sat Jun 9 2012,8:30 pm,Boston Celtics,88,Miami Heat,101,Box Score,,
Tue Jun 12 2012,8:00 pm,Miami Heat,94,Oklahoma City Thunder,105,Box Score,,
Thu Jun 14 2012,8:00 pm,Miami Heat,100,Oklahoma City Thunder,96,Box Score,,
Sun Jun 17 2012,8:00 pm,Oklahoma City Thunder,85,Miami Heat,91,Box Score,,
Tue Jun 19 2012,9:00 pm,Oklahoma City Thunder,98,Miami Heat,104,Box Score,,
Thu Jun 21 2012,9:00 pm,Oklahoma City Thunder,106,Miami Heat,121,Box Score,,